DROP TABLE IF EXISTS `wow_faction_npcs`;
CREATE TABLE `wow_faction_npcs` (
  `faction_id` int(11) NOT NULL,
  `npc_id` int(11) NOT NULL,
  `npc_key` varchar(255) NOT NULL,
  `npc_name` text NOT NULL,
  PRIMARY KEY (`faction_id`,`npc_id`)
) ENGINE=MyISAM DEFAULT CHARSET=utf8;

INSERT INTO `wow_faction_npcs` VALUES (1177, 47240, 'commander-marcus-johnson', 'Comandante Marcus Johnson');
INSERT INTO `wow_faction_npcs` VALUES (1177, 47328, 'quartermaster-brazie', 'Intendente Brazie');
INSERT INTO `wow_faction_npcs` VALUES (1172, 46897, 'warlord-zaela', 'Se&#241;ora de la guerra Zaela');
INSERT INTO `wow_faction_npcs` VALUES (1172, 49387, 'grot-deathblow', 'Grot Soplomuerte');
INSERT INTO `wow_faction_npcs` VALUES (1174, 5635, 'falstad-wildhammer', 'Falstad Martillo Salvaje');
INSERT INTO `wow_faction_npcs` VALUES (1174, 49386, 'craw-macgraw', 'Craw MacGraw');
INSERT INTO `wow_faction_npcs` VALUES (1135, 48084, 'muln-earthfury', 'Muln Furiatierra');
INSERT INTO `wow_faction_npcs` VALUES (1135, 50324, 'provisioner-arok', 'Proveedor Arok');
INSERT INTO `wow_faction_npcs` VALUES (1158, 15362, 'malfurion-stormrage', 'Malfurion Tempestira');
INSERT INTO `wow_faction_npcs` VALUES (1158, 50314, 'provisioner-whitecloud', 'Proveedora Nubeblanca');
INSERT INTO `wow_faction_npcs` VALUES (1178, 39605, 'garrosh-hellscream', 'Garrosh Grito Infernal');
INSERT INTO `wow_faction_npcs` VALUES (1178, 48531, 'pogg', 'Pogg');
INSERT INTO `wow_faction_npcs` VALUES (1173, 47684, 'king-phaoris', 'Rey Phaoris');
INSERT INTO `wow_faction_npcs` VALUES (1173, 48617, 'blacksmith-abasi', 'Herrero Abasi');
INSERT INTO `wow_faction_npcs` VALUES (1171, 42465, 'therazane', 'Therazane');
INSERT INTO `wow_faction_npcs` VALUES (1171, 45408, 'dlom-the-collector', 'D''lom el Coleccionista');
INSERT INTO `wow_faction_npcs` VALUES (1204, 15362, 'malfurion-stormrage', 'Malfurion Tempestira');
INSERT INTO `wow_faction_npcs` VALUES (1204, 54401, 'naresir-stormfury', 'Naresir Furiatormenta');
INSERT INTO `wow_faction_npcs` VALUES (1098, 29246, 'highlord-darion-mograine', 'Alto se&#241;or Darion Mograine');
INSERT INTO `wow_faction_npcs` VALUES (1098, 32538, 'duchess-mynx', 'Duquesa Mynx');
INSERT INTO `wow_faction_npcs` VALUES (1106, 35361, 'highlord-tirion-fordring', 'Alto se&#241;or Tirion Vad&#237;n');
INSERT INTO `wow_faction_npcs` VALUES (1106, 30431, 'veteran-crusader-aliocha-segard', 'Cruzado veterano Aliocha Segard');
INSERT INTO `wow_faction_npcs` VALUES (1091, 26917, 'alexstrasza-the-lifebinder', 'Alexstrasza la Protectora');
INSERT INTO `wow_faction_npcs` VALUES (1091, 32533, 'cielstrasza', 'Cielstrasza');
INSERT INTO `wow_faction_npcs` VALUES (1156, 35361, 'highlord-tirion-fordring', 'Alto se&#241;or Tirion Vad&#237;n');
INSERT INTO `wow_faction_npcs` VALUES (1156, 37687, 'alchemist-finklestein', 'Alquimista Finklestein');
INSERT INTO `wow_faction_npcs` VALUES (1090, 16128, 'rhonin', 'Rhonin');
INSERT INTO `wow_faction_npcs` VALUES (1090, 32287, 'archmage-alvareaux', 'Archimago Alvareaux');
INSERT INTO `wow_faction_npcs` VALUES (1119, 30105, 'king-jokkum', 'Rey Jokkum');
INSERT INTO `wow_faction_npcs` VALUES (1119, 32540, 'lillehoff', 'Lillehoff');
INSERT INTO `wow_faction_npcs` VALUES (1073, 32763, 'sairuk', 'Sairuk');
INSERT INTO `wow_faction_npcs` VALUES (1105, 28027, 'highoracle-soosay', 'Sumo Or&#225;culo Soo-pinst&#225;n');
INSERT INTO `wow_faction_npcs` VALUES (1105, 31910, 'geen', 'Geen');
INSERT INTO `wow_faction_npcs` VALUES (1104, 28082, 'highshaman-rakjak', 'Alto cham&#225;n Rakjak');
INSERT INTO `wow_faction_npcs` VALUES (1104, 31911, 'tanak', 'Tanak');
INSERT INTO `wow_faction_npcs` VALUES (1052, 25237, 'garrosh-hellscream', 'Garrosh Grito Infernal');
INSERT INTO `wow_faction_npcs` VALUES (1052, 32565, 'gara-skullcrush', 'Gara Rompecr&#225;neos');
INSERT INTO `wow_faction_npcs` VALUES (1067, 10181, 'lady-sylvanas-windrunner', 'Lady Sylvanas Brisaveloz');
INSERT INTO `wow_faction_npcs` VALUES (1124, 30116, 'archmage-aethas-sunreaver', 'Archimago Aethas Atracasol');
INSERT INTO `wow_faction_npcs` VALUES (1124, 34772, 'vasarin-redmorn', 'Vasarin Rojoalbor');
INSERT INTO `wow_faction_npcs` VALUES (1064, 26810, 'roanauk-icemist', 'Roanauk Bruma de Hielo');
INSERT INTO `wow_faction_npcs` VALUES (1085, 25237, 'garrosh-hellscream', 'Garrosh Grito Infernal');
INSERT INTO `wow_faction_npcs` VALUES (1037, 29611, 'king-varian-wrynn', 'Rey Varian Wrynn');
INSERT INTO `wow_faction_npcs` VALUES (1037, 32773, 'logistics-officer-brighton', 'Oficial de log&#237;stica Brighton');
INSERT INTO `wow_faction_npcs` VALUES (1094, 30115, 'vereesa-windrunner', 'Vereesa Brisaveloz');
INSERT INTO `wow_faction_npcs` VALUES (1094, 34881, 'hiren-loresong', 'Hiren Romanza');
INSERT INTO `wow_faction_npcs` VALUES (1050, 29611, 'king-varian-wrynn', 'Rey Varian Wrynn');
INSERT INTO `wow_faction_npcs` VALUES (1068, 34044, 'brann-bronzebeard', 'Brann Barbabronce');
INSERT INTO `wow_faction_npcs` VALUES (1126, 29593, 'yorg-stormheart', 'Yorg Cuoretormenta');
INSERT INTO `wow_faction_npcs` VALUES (1015, 21657, 'neltharaku', 'Neltharaku');
INSERT INTO `wow_faction_npcs` VALUES (946, 16819, 'force-commander-danath-trollbane', 'Comandante en Jefe Danath Aterratrols');
INSERT INTO `wow_faction_npcs` VALUES (946, 17657, 'logistics-officer-ulrike', 'Oficial de log&#237;stica Ulrike');
INSERT INTO `wow_faction_npcs` VALUES (933, 19674, 'nexusprince-haramad', 'Pr&#237;ncipe-nexo Haramad');
INSERT INTO `wow_faction_npcs` VALUES (933, 20242, 'karaaz', 'Karaaz');
INSERT INTO `wow_faction_npcs` VALUES (967, 18165, 'archmage-cedric', 'Archimago Cedric');
INSERT INTO `wow_faction_npcs` VALUES (967, 18255, 'apprentice-darius', 'Aprendiz Darius');
INSERT INTO `wow_faction_npcs` VALUES (970, 17924, 'msshifn', 'Msshi''fn');
INSERT INTO `wow_faction_npcs` VALUES (970, 18382, 'mycah', 'Mycah');
INSERT INTO `wow_faction_npcs` VALUES (942, 17841, 'ysiel-windsinger', 'Ysiel Vientocantor');
INSERT INTO `wow_faction_npcs` VALUES (942, 17904, 'fedryen-swiftspear', 'Fedryen Lanza Presta');
INSERT INTO `wow_faction_npcs` VALUES (1012, 21700, 'akama', 'Akama');
INSERT INTO `wow_faction_npcs` VALUES (1012, 23159, 'okuno', 'Okuno');
INSERT INTO `wow_faction_npcs` VALUES (978, 18183, 'arechron', 'Arechron');
INSERT INTO `wow_faction_npcs` VALUES (978, 20240, 'trader-narasu', 'Comerciante Narasu');
INSERT INTO `wow_faction_npcs` VALUES (990, 19935, 'soridormi', 'Soridormi');
INSERT INTO `wow_faction_npcs` VALUES (990, 23437, 'indormi', 'Indormi');
INSERT INTO `wow_faction_npcs` VALUES (941, 18141, 'greatmother-geyah', 'Abuela Geyah');
INSERT INTO `wow_faction_npcs` VALUES (941, 20241, 'provisioner-nasela', 'Proveedora Nasela');
INSERT INTO `wow_faction_npcs` VALUES (1038, 23428, 'jhonass', 'Jho''nass');
INSERT INTO `wow_faction_npcs` VALUES (947, 3230, 'nazgrel', 'Nazgrel');
INSERT INTO `wow_faction_npcs` VALUES (947, 17585, 'quartermaster-urgronn', 'Intendente Urgronn');
INSERT INTO `wow_faction_npcs` VALUES (922, 16252, 'high-executor-mavren', 'Sumo ejecutor Mavren');
INSERT INTO `wow_faction_npcs` VALUES (922, 16528, 'provisioner-vredigar', 'Proveedor Vredigar');
INSERT INTO `wow_faction_npcs` VALUES (989, 20130, 'andormu', 'Andormu');
INSERT INTO `wow_faction_npcs` VALUES (989, 21643, 'alurmi', 'Alurmi');
INSERT INTO `wow_faction_npcs` VALUES (1011, 21655, 'nakodu', 'Nakodu');
INSERT INTO `wow_faction_npcs` VALUES (1031, 23367, 'grella', 'Grella');
INSERT INTO `wow_faction_npcs` VALUES (932, 18538, 'ishanah', 'Ishanah');
INSERT INTO `wow_faction_npcs` VALUES (932, 19321, 'quartermaster-endarin', 'Intendente Endarin');
INSERT INTO `wow_faction_npcs` VALUES (934, 18530, 'vorenthal-the-seer', 'Voren''thal el Vidente');
INSERT INTO `wow_faction_npcs` VALUES (934, 19331, 'quartermaster-enuril', 'Intendente Enuril');
INSERT INTO `wow_faction_npcs` VALUES (935, 18481, 'adal', 'A''dal');
INSERT INTO `wow_faction_npcs` VALUES (935, 21432, 'almaador', 'Almaador');
INSERT INTO `wow_faction_npcs` VALUES (1077, 25032, 'eldara-dawnrunner', 'Eldara Correalba');
INSERT INTO `wow_faction_npcs` VALUES (576, 11557, 'meilosh', 'Meilosh');
INSERT INTO `wow_faction_npcs` VALUES (87, 2546, 'fleet-master-firallon', 'Maestro de flota Firallon');
INSERT INTO `wow_faction_npcs` VALUES (92, 36487, 'khan-shodo', 'Khan Shodo');
INSERT INTO `wow_faction_npcs` VALUES (93, 36163, 'khan-kammah', 'Khan Kammah');
INSERT INTO `wow_faction_npcs` VALUES (609, 15362, 'malfurion-stormrage', 'Malfurion Tempestira');
INSERT INTO `wow_faction_npcs` VALUES (609, 15293, 'aendel-windspear', 'Aendel Lanzavento');
INSERT INTO `wow_faction_npcs` VALUES (529, 11034, 'lord-maxwell-tyrosus', 'Lord Maxwell Ne&#243;fitus');
INSERT INTO `wow_faction_npcs` VALUES (529, 11536, 'quartermaster-miranda-breechlock', 'Intendente Miranda Cerrobrecha');
INSERT INTO `wow_faction_npcs` VALUES (909, 14823, 'silas-darkmoon', 'Silas Luna Negra');
INSERT INTO `wow_faction_npcs` VALUES (59, 14625, 'overseer-oilfist', 'Sobrestante Pu&#241;aceite');
INSERT INTO `wow_faction_npcs` VALUES (59, 12944, 'lokhtos-darkbargainer', 'Lokhtos Tratoscuro');
INSERT INTO `wow_faction_npcs` VALUES (589, 10618, 'rivern-frostwind', 'Rivern Ventog&#233;lido');
INSERT INTO `wow_faction_npcs` VALUES (70, 2423, 'lord-aliden-perenolde', 'Lord Aliden Perenolde');
INSERT INTO `wow_faction_npcs` VALUES (910, 15192, 'anachronos', 'Anacronos');
INSERT INTO `wow_faction_npcs` VALUES (349, 6768, 'lord-jorach-ravenholdt', 'Lord Jorach Ravenholdt');
INSERT INTO `wow_faction_npcs` VALUES (809, 11486, 'prince-tortheldrin', 'Pr&#237;ncipe Tortheldrin');
INSERT INTO `wow_faction_npcs` VALUES (749, 13278, 'duke-hydraxis', 'Duque Hydraxis');
INSERT INTO `wow_faction_npcs` VALUES (270, 14921, 'rinwosho-the-trader', 'Rin''wosho el Comerciante');
INSERT INTO `wow_faction_npcs` VALUES (69, 7999, 'tyrande-whisperwind', 'Tyrande Susurravientos');
INSERT INTO `wow_faction_npcs` VALUES (69, 50305, 'moon-priestess-lasara', 'Sacerdotisa Lunar Lasara');
INSERT INTO `wow_faction_npcs` VALUES (930, 17468, 'prophet-velen', 'Profeta Velen');
INSERT INTO `wow_faction_npcs` VALUES (930, 50306, 'kadu', 'Kadu');
INSERT INTO `wow_faction_npcs` VALUES (47, 42928, 'muradin-bronzebeard', 'Muradin Barbabronce');
INSERT INTO `wow_faction_npcs` VALUES (47, 50309, 'captain-stonehelm', 'Capit&#225;n Yelmorroca');
INSERT INTO `wow_faction_npcs` VALUES (1134, 50893, 'king-genn-greymane', 'Rey Genn Cringris');
INSERT INTO `wow_faction_npcs` VALUES (1134, 50307, 'lord-candren', 'Lord Candren');
INSERT INTO `wow_faction_npcs` VALUES (54, 7937, 'high-tinker-mekkatorque', 'Manitas Mayor Mekkatorque');
INSERT INTO `wow_faction_npcs` VALUES (54, 33650, 'rillie-spindlenut', 'Rillie Ejeloco');
INSERT INTO `wow_faction_npcs` VALUES (72, 29611, 'king-varian-wrynn', 'Rey Varian Wrynn');
INSERT INTO `wow_faction_npcs` VALUES (72, 49877, 'captain-lancy-revshon', 'Capitana Lancy Revshon');
INSERT INTO `wow_faction_npcs` VALUES (21, 2496, 'baron-revilgaz', 'Bar&#243;n Revilgaz');
INSERT INTO `wow_faction_npcs` VALUES (369, 40763, 'marin-noggenfogger', 'Marin Tragonublo');
INSERT INTO `wow_faction_npcs` VALUES (470, 3391, 'gazlowe', 'Gazlowe');
INSERT INTO `wow_faction_npcs` VALUES (577, 11185, 'xizzer-fizzbolt', 'Xizzer Raybuja');
INSERT INTO `wow_faction_npcs` VALUES (890, 19908, 'suura-swiftarrow', 'Su''ura Flechapresta');
INSERT INTO `wow_faction_npcs` VALUES (890, 14753, 'illiyana-moonblaze', 'Illiyana Lunardiente');
INSERT INTO `wow_faction_npcs` VALUES (730, 11948, 'vanndar-stormpike', 'Vanndar Pico Tormenta');
INSERT INTO `wow_faction_npcs` VALUES (730, 13216, 'gaelden-hammersmith', 'Gaelden Martillero');
INSERT INTO `wow_faction_npcs` VALUES (509, 30231, 'radulf-leder', 'Radulf Leder');
INSERT INTO `wow_faction_npcs` VALUES (509, 15127, 'samuel-hawke', 'Samuel Halc&#243;n');
INSERT INTO `wow_faction_npcs` VALUES (729, 11946, 'drekthar', 'Drek''Thar');
INSERT INTO `wow_faction_npcs` VALUES (729, 13218, 'grunnda-wolfheart', 'Grunnda Coraz&#243;n de Lobo');
INSERT INTO `wow_faction_npcs` VALUES (889, 39605, 'garrosh-hellscream', 'Garrosh Grito Infernal');
INSERT INTO `wow_faction_npcs` VALUES (889, 14754, 'kelm-hargunth', 'Kelm Hargunth');
INSERT INTO `wow_faction_npcs` VALUES (510, 19905, 'the-black-bride', 'La Novia Negra');
INSERT INTO `wow_faction_npcs` VALUES (510, 15126, 'rutherford-twing', 'Rutherford Twing');
INSERT INTO `wow_faction_npcs` VALUES (81, 42688, 'baine-bloodhoof', 'Baine Pezu&#241;a de Sangre');
INSERT INTO `wow_faction_npcs` VALUES (81, 50483, 'brave-tuho', 'Valiente Tuho');
INSERT INTO `wow_faction_npcs` VALUES (911, 16802, 'lorthemar-theron', 'Lor''themar Theron');
INSERT INTO `wow_faction_npcs` VALUES (911, 50484, 'magistrix-nizara', 'Magistrix Nizara');
INSERT INTO `wow_faction_npcs` VALUES (1133, 39582, 'trade-prince-gallywix', 'Pr&#237;ncipe mercante Gallywix');
INSERT INTO `wow_faction_npcs` VALUES (1133, 50323, 'frizzo-villamar', 'Frizzo Villamar');
INSERT INTO `wow_faction_npcs` VALUES (68, 10181, 'lady-sylvanas-windrunner', 'Lady Sylvanas Brisaveloz');
INSERT INTO `wow_faction_npcs` VALUES (68, 50304, 'captain-donald-adams', 'Capit&#225;n Donald Adams');
INSERT INTO `wow_faction_npcs` VALUES (76, 39605, 'garrosh-hellscream', 'Garrosh Grito Infernal');
INSERT INTO `wow_faction_npcs` VALUES (76, 50488, 'stone-guard-nargol', 'Guardia de piedra Nargol');
INSERT INTO `wow_faction_npcs` VALUES (530, 10540, 'voljin', 'Vol''jin');
INSERT INTO `wow_faction_npcs` VALUES (530, 50477, 'champion-uruzin', 'Campe&#243;n Uru''zin');

DROP TABLE IF EXISTS `wow_faction_template`;
CREATE TABLE `wow_faction_template` (
  `factiontemplateID` smallint(4) unsigned NOT NULL,
  `factionID` smallint(4) NOT NULL,
  `A` smallint(1) NOT NULL COMMENT 'Aliance: -1 - hostile, 1 - friendly, 0 - neutral',
  `H` smallint(1) NOT NULL COMMENT 'Horde: -1 - hostile, 1 - friendly, 0 - neutral',
  PRIMARY KEY (`factiontemplateID`)
) ENGINE=MyISAM DEFAULT CHARSET=utf8 ROW_FORMAT=FIXED;

INSERT INTO `wow_faction_template` VALUES (1, 1, 1, -1);
INSERT INTO `wow_faction_template` VALUES (2, 2, -1, 1);
INSERT INTO `wow_faction_template` VALUES (3, 3, 1, -1);
INSERT INTO `wow_faction_template` VALUES (4, 4, 1, -1);
INSERT INTO `wow_faction_template` VALUES (5, 5, -1, 1);
INSERT INTO `wow_faction_template` VALUES (6, 6, -1, 1);
INSERT INTO `wow_faction_template` VALUES (7, 7, 0, 0);
INSERT INTO `wow_faction_template` VALUES (10, 40, 1, -1);
INSERT INTO `wow_faction_template` VALUES (11, 72, 1, -1);
INSERT INTO `wow_faction_template` VALUES (12, 72, 1, -1);
INSERT INTO `wow_faction_template` VALUES (14, 14, -1, -1);
INSERT INTO `wow_faction_template` VALUES (15, 7, 0, 0);
INSERT INTO `wow_faction_template` VALUES (16, 14, -1, -1);
INSERT INTO `wow_faction_template` VALUES (17, 15, -1, -1);
INSERT INTO `wow_faction_template` VALUES (18, 19, -1, -1);
INSERT INTO `wow_faction_template` VALUES (19, 17, -1, -1);
INSERT INTO `wow_faction_template` VALUES (20, 16, -1, -1);
INSERT INTO `wow_faction_template` VALUES (21, 20, -1, -1);
INSERT INTO `wow_faction_template` VALUES (22, 22, -1, -1);
INSERT INTO `wow_faction_template` VALUES (23, 54, 1, -1);
INSERT INTO `wow_faction_template` VALUES (24, 24, -1, -1);
INSERT INTO `wow_faction_template` VALUES (25, 25, -1, -1);
INSERT INTO `wow_faction_template` VALUES (26, 25, -1, -1);
INSERT INTO `wow_faction_template` VALUES (27, 15, -1, -1);
INSERT INTO `wow_faction_template` VALUES (28, 26, -1, -1);
INSERT INTO `wow_faction_template` VALUES (29, 76, -1, 1);
INSERT INTO `wow_faction_template` VALUES (30, 27, -1, -1);
INSERT INTO `wow_faction_template` VALUES (31, 28, 0, 0);
INSERT INTO `wow_faction_template` VALUES (32, 29, 0, 0);
INSERT INTO `wow_faction_template` VALUES (33, 40, -1, 1);
INSERT INTO `wow_faction_template` VALUES (34, 15, -1, -1);
INSERT INTO `wow_faction_template` VALUES (35, 31, 1, 1);
INSERT INTO `wow_faction_template` VALUES (36, 32, 0, 0);
INSERT INTO `wow_faction_template` VALUES (37, 33, -1, -1);
INSERT INTO `wow_faction_template` VALUES (38, 29, -1, -1);
INSERT INTO `wow_faction_template` VALUES (39, 18, -1, -1);
INSERT INTO `wow_faction_template` VALUES (40, 34, -1, -1);
INSERT INTO `wow_faction_template` VALUES (41, 35, -1, -1);
INSERT INTO `wow_faction_template` VALUES (42, 36, 1, 1);
INSERT INTO `wow_faction_template` VALUES (43, 35, -1, -1);
INSERT INTO `wow_faction_template` VALUES (44, 37, -1, -1);
INSERT INTO `wow_faction_template` VALUES (45, 38, -1, -1);
INSERT INTO `wow_faction_template` VALUES (46, 39, -1, -1);
INSERT INTO `wow_faction_template` VALUES (47, 41, -1, -1);
INSERT INTO `wow_faction_template` VALUES (48, 42, -1, -1);
INSERT INTO `wow_faction_template` VALUES (49, 43, -1, -1);
INSERT INTO `wow_faction_template` VALUES (50, 44, -1, -1);
INSERT INTO `wow_faction_template` VALUES (51, 45, -1, -1);
INSERT INTO `wow_faction_template` VALUES (52, 769, -1, -1);
INSERT INTO `wow_faction_template` VALUES (53, 49, 1, -1);
INSERT INTO `wow_faction_template` VALUES (54, 48, -1, -1);
INSERT INTO `wow_faction_template` VALUES (55, 47, 1, -1);
INSERT INTO `wow_faction_template` VALUES (56, 49, 1, -1);
INSERT INTO `wow_faction_template` VALUES (57, 47, 1, -1);
INSERT INTO `wow_faction_template` VALUES (58, 7, -1, -1);
INSERT INTO `wow_faction_template` VALUES (59, 32, -1, -1);
INSERT INTO `wow_faction_template` VALUES (60, 50, -1, -1);
INSERT INTO `wow_faction_template` VALUES (61, 51, -1, -1);
INSERT INTO `wow_faction_template` VALUES (62, 52, -1, -1);
INSERT INTO `wow_faction_template` VALUES (63, 53, -1, -1);
INSERT INTO `wow_faction_template` VALUES (64, 54, 1, -1);
INSERT INTO `wow_faction_template` VALUES (65, 76, 0, 0);
INSERT INTO `wow_faction_template` VALUES (66, 55, -1, -1);
INSERT INTO `wow_faction_template` VALUES (67, 56, -1, -1);
INSERT INTO `wow_faction_template` VALUES (68, 68, -1, 1);
INSERT INTO `wow_faction_template` VALUES (69, 470, 0, 0);
INSERT INTO `wow_faction_template` VALUES (70, 57, -1, -1);
INSERT INTO `wow_faction_template` VALUES (71, 68, -1, 1);
INSERT INTO `wow_faction_template` VALUES (72, 58, -1, -1);
INSERT INTO `wow_faction_template` VALUES (73, 669, -1, -1);
INSERT INTO `wow_faction_template` VALUES (74, 60, -1, -1);
INSERT INTO `wow_faction_template` VALUES (76, 61, 1, -1);
INSERT INTO `wow_faction_template` VALUES (77, 62, -1, -1);
INSERT INTO `wow_faction_template` VALUES (78, 63, -1, -1);
INSERT INTO `wow_faction_template` VALUES (79, 69, 1, -1);
INSERT INTO `wow_faction_template` VALUES (80, 69, 1, -1);
INSERT INTO `wow_faction_template` VALUES (81, 64, -1, -1);
INSERT INTO `wow_faction_template` VALUES (82, 65, -1, -1);
INSERT INTO `wow_faction_template` VALUES (83, 66, -1, 1);
INSERT INTO `wow_faction_template` VALUES (84, 189, 1, -1);
INSERT INTO `wow_faction_template` VALUES (85, 76, -1, 1);
INSERT INTO `wow_faction_template` VALUES (86, 770, 1, 1);
INSERT INTO `wow_faction_template` VALUES (87, 70, -1, -1);
INSERT INTO `wow_faction_template` VALUES (88, 71, 1, -1);
INSERT INTO `wow_faction_template` VALUES (89, 56, -1, -1);
INSERT INTO `wow_faction_template` VALUES (90, 73, -1, -1);
INSERT INTO `wow_faction_template` VALUES (91, 74, -1, -1);
INSERT INTO `wow_faction_template` VALUES (92, 75, -1, -1);
INSERT INTO `wow_faction_template` VALUES (93, 14, -1, -1);
INSERT INTO `wow_faction_template` VALUES (94, 77, 0, 0);
INSERT INTO `wow_faction_template` VALUES (95, 78, -1, -1);
INSERT INTO `wow_faction_template` VALUES (96, 79, 1, -1);
INSERT INTO `wow_faction_template` VALUES (97, 70, -1, -1);
INSERT INTO `wow_faction_template` VALUES (98, 68, -1, 1);
INSERT INTO `wow_faction_template` VALUES (99, 36, -1, -1);
INSERT INTO `wow_faction_template` VALUES (100, 77, -1, -1);
INSERT INTO `wow_faction_template` VALUES (101, 77, 0, -1);
INSERT INTO `wow_faction_template` VALUES (102, 77, -1, 0);
INSERT INTO `wow_faction_template` VALUES (103, 80, -1, -1);
INSERT INTO `wow_faction_template` VALUES (104, 81, -1, 1);
INSERT INTO `wow_faction_template` VALUES (105, 81, -1, 1);
INSERT INTO `wow_faction_template` VALUES (106, 66, -1, 1);
INSERT INTO `wow_faction_template` VALUES (107, 33, -1, -1);
INSERT INTO `wow_faction_template` VALUES (108, 70, 0, 0);
INSERT INTO `wow_faction_template` VALUES (109, 110, -1, -1);
INSERT INTO `wow_faction_template` VALUES (110, 110, -1, -1);
INSERT INTO `wow_faction_template` VALUES (111, 85, -1, -1);
INSERT INTO `wow_faction_template` VALUES (112, 85, -1, -1);
INSERT INTO `wow_faction_template` VALUES (113, 40, 1, 1);
INSERT INTO `wow_faction_template` VALUES (114, 77, -1, -1);
INSERT INTO `wow_faction_template` VALUES (115, 8, 1, -1);
INSERT INTO `wow_faction_template` VALUES (116, 9, -1, 1);
INSERT INTO `wow_faction_template` VALUES (118, 68, -1, 1);
INSERT INTO `wow_faction_template` VALUES (119, 87, -1, -1);
INSERT INTO `wow_faction_template` VALUES (120, 21, 0, 0);
INSERT INTO `wow_faction_template` VALUES (121, 21, 0, 0);
INSERT INTO `wow_faction_template` VALUES (122, 47, 1, -1);
INSERT INTO `wow_faction_template` VALUES (123, 72, 1, -1);
INSERT INTO `wow_faction_template` VALUES (124, 69, 1, -1);
INSERT INTO `wow_faction_template` VALUES (125, 76, -1, 1);
INSERT INTO `wow_faction_template` VALUES (126, 530, -1, 1);
INSERT INTO `wow_faction_template` VALUES (127, 35, -1, -1);
INSERT INTO `wow_faction_template` VALUES (128, 88, -1, -1);
INSERT INTO `wow_faction_template` VALUES (129, 89, -1, -1);
INSERT INTO `wow_faction_template` VALUES (130, 90, -1, -1);
INSERT INTO `wow_faction_template` VALUES (131, 91, -1, -1);
INSERT INTO `wow_faction_template` VALUES (132, 92, -1, -1);
INSERT INTO `wow_faction_template` VALUES (133, 93, -1, -1);
INSERT INTO `wow_faction_template` VALUES (134, 94, -1, -1);
INSERT INTO `wow_faction_template` VALUES (148, 14, -1, -1);
INSERT INTO `wow_faction_template` VALUES (149, 108, 1, -1);
INSERT INTO `wow_faction_template` VALUES (150, 108, 1, -1);
INSERT INTO `wow_faction_template` VALUES (151, 108, 1, -1);
INSERT INTO `wow_faction_template` VALUES (152, 109, -1, -1);
INSERT INTO `wow_faction_template` VALUES (153, 109, -1, -1);
INSERT INTO `wow_faction_template` VALUES (154, 111, -1, -1);
INSERT INTO `wow_faction_template` VALUES (168, 128, -1, -1);
INSERT INTO `wow_faction_template` VALUES (188, 148, 0, 0);
INSERT INTO `wow_faction_template` VALUES (189, 7, 0, 0);
INSERT INTO `wow_faction_template` VALUES (190, 148, 0, 0);
INSERT INTO `wow_faction_template` VALUES (208, 168, 1, -1);
INSERT INTO `wow_faction_template` VALUES (209, 168, 1, -1);
INSERT INTO `wow_faction_template` VALUES (210, 189, 1, -1);
INSERT INTO `wow_faction_template` VALUES (230, 573, -1, -1);
INSERT INTO `wow_faction_template` VALUES (231, 40, 1, -1);
INSERT INTO `wow_faction_template` VALUES (232, 40, -1, 1);
INSERT INTO `wow_faction_template` VALUES (233, 20, -1, -1);
INSERT INTO `wow_faction_template` VALUES (250, 40, 1, 1);
INSERT INTO `wow_faction_template` VALUES (270, 229, -1, -1);
INSERT INTO `wow_faction_template` VALUES (290, 40, 1, 1);
INSERT INTO `wow_faction_template` VALUES (310, 249, -1, -1);
INSERT INTO `wow_faction_template` VALUES (311, 249, -1, -1);
INSERT INTO `wow_faction_template` VALUES (312, 22, -1, -1);
INSERT INTO `wow_faction_template` VALUES (330, 229, -1, -1);
INSERT INTO `wow_faction_template` VALUES (350, 88, -1, -1);
INSERT INTO `wow_faction_template` VALUES (370, 915, -1, -1);
INSERT INTO `wow_faction_template` VALUES (371, 269, 1, -1);
INSERT INTO `wow_faction_template` VALUES (390, 21, 0, 0);
INSERT INTO `wow_faction_template` VALUES (410, 43, -1, -1);
INSERT INTO `wow_faction_template` VALUES (411, 310, -1, -1);
INSERT INTO `wow_faction_template` VALUES (412, 510, -1, 1);
INSERT INTO `wow_faction_template` VALUES (413, 309, -1, -1);
INSERT INTO `wow_faction_template` VALUES (414, 576, -1, -1);
INSERT INTO `wow_faction_template` VALUES (415, 311, -1, -1);
INSERT INTO `wow_faction_template` VALUES (416, 311, -1, -1);
INSERT INTO `wow_faction_template` VALUES (430, 329, 0, 0);
INSERT INTO `wow_faction_template` VALUES (450, 229, -1, -1);
INSERT INTO `wow_faction_template` VALUES (470, 311, -1, -1);
INSERT INTO `wow_faction_template` VALUES (471, 349, 0, 0);
INSERT INTO `wow_faction_template` VALUES (472, 70, -1, -1);
INSERT INTO `wow_faction_template` VALUES (473, 349, 0, 0);
INSERT INTO `wow_faction_template` VALUES (474, 369, 0, 0);
INSERT INTO `wow_faction_template` VALUES (475, 369, 0, 0);
INSERT INTO `wow_faction_template` VALUES (494, 389, -1, -1);
INSERT INTO `wow_faction_template` VALUES (495, 40, 1, 1);
INSERT INTO `wow_faction_template` VALUES (514, 409, -1, -1);
INSERT INTO `wow_faction_template` VALUES (534, 189, 1, -1);
INSERT INTO `wow_faction_template` VALUES (554, 429, -1, -1);
INSERT INTO `wow_faction_template` VALUES (574, 449, -1, -1);
INSERT INTO `wow_faction_template` VALUES (575, 450, -1, -1);
INSERT INTO `wow_faction_template` VALUES (594, 32, -1, -1);
INSERT INTO `wow_faction_template` VALUES (614, 36, 1, 1);
INSERT INTO `wow_faction_template` VALUES (634, 14, -1, -1);
INSERT INTO `wow_faction_template` VALUES (635, 609, 0, 0);
INSERT INTO `wow_faction_template` VALUES (636, 576, -1, -1);
INSERT INTO `wow_faction_template` VALUES (637, 470, 0, 0);
INSERT INTO `wow_faction_template` VALUES (654, 82, -1, -1);
INSERT INTO `wow_faction_template` VALUES (655, 90, -1, -1);
INSERT INTO `wow_faction_template` VALUES (674, 48, 0, 0);
INSERT INTO `wow_faction_template` VALUES (694, 189, 1, -1);
INSERT INTO `wow_faction_template` VALUES (695, 749, 0, 0);
INSERT INTO `wow_faction_template` VALUES (714, 66, -1, 1);
INSERT INTO `wow_faction_template` VALUES (734, 48, 1, 1);
INSERT INTO `wow_faction_template` VALUES (735, 489, 1, 1);
INSERT INTO `wow_faction_template` VALUES (736, 489, -1, -1);
INSERT INTO `wow_faction_template` VALUES (754, 48, -1, -1);
INSERT INTO `wow_faction_template` VALUES (774, 40, 1, -1);
INSERT INTO `wow_faction_template` VALUES (775, 40, -1, 1);
INSERT INTO `wow_faction_template` VALUES (776, 910, 0, 0);
INSERT INTO `wow_faction_template` VALUES (777, 912, 1, 1);
INSERT INTO `wow_faction_template` VALUES (778, 511, -1, -1);
INSERT INTO `wow_faction_template` VALUES (794, 529, 0, 0);
INSERT INTO `wow_faction_template` VALUES (795, 572, -1, -1);
INSERT INTO `wow_faction_template` VALUES (814, 529, 0, 0);
INSERT INTO `wow_faction_template` VALUES (834, 74, -1, -1);
INSERT INTO `wow_faction_template` VALUES (854, 577, 0, 0);
INSERT INTO `wow_faction_template` VALUES (855, 577, 0, 0);
INSERT INTO `wow_faction_template` VALUES (874, 589, 1, -1);
INSERT INTO `wow_faction_template` VALUES (875, 54, 1, -1);
INSERT INTO `wow_faction_template` VALUES (876, 530, -1, 1);
INSERT INTO `wow_faction_template` VALUES (877, 530, -1, 1);
INSERT INTO `wow_faction_template` VALUES (894, 108, 1, -1);
INSERT INTO `wow_faction_template` VALUES (914, 679, 0, 0);
INSERT INTO `wow_faction_template` VALUES (934, 575, -1, -1);
INSERT INTO `wow_faction_template` VALUES (954, 73, -1, -1);
INSERT INTO `wow_faction_template` VALUES (974, 20, -1, -1);
INSERT INTO `wow_faction_template` VALUES (994, 609, 0, 0);
INSERT INTO `wow_faction_template` VALUES (995, 81, -1, 1);
INSERT INTO `wow_faction_template` VALUES (996, 609, 0, 0);
INSERT INTO `wow_faction_template` VALUES (1014, 629, 0, 0);
INSERT INTO `wow_faction_template` VALUES (1015, 629, 0, 0);
INSERT INTO `wow_faction_template` VALUES (1034, 66, -1, 1);
INSERT INTO `wow_faction_template` VALUES (1054, 189, 1, -1);
INSERT INTO `wow_faction_template` VALUES (1055, 189, 1, -1);
INSERT INTO `wow_faction_template` VALUES (1074, 76, -1, 1);
INSERT INTO `wow_faction_template` VALUES (1075, 108, 1, -1);
INSERT INTO `wow_faction_template` VALUES (1076, 69, 1, -1);
INSERT INTO `wow_faction_template` VALUES (1077, 108, 1, -1);
INSERT INTO `wow_faction_template` VALUES (1078, 72, 1, -1);
INSERT INTO `wow_faction_template` VALUES (1080, 31, 1, 1);
INSERT INTO `wow_faction_template` VALUES (1081, 74, -1, -1);
INSERT INTO `wow_faction_template` VALUES (1094, 23, 0, 0);
INSERT INTO `wow_faction_template` VALUES (1095, 679, 0, 0);
INSERT INTO `wow_faction_template` VALUES (1096, 108, 1, -1);
INSERT INTO `wow_faction_template` VALUES (1097, 69, 1, -1);
INSERT INTO `wow_faction_template` VALUES (1114, 689, -1, -1);
INSERT INTO `wow_faction_template` VALUES (1134, 68, -1, 1);
INSERT INTO `wow_faction_template` VALUES (1154, 68, -1, 1);
INSERT INTO `wow_faction_template` VALUES (1174, 76, -1, 1);
INSERT INTO `wow_faction_template` VALUES (1194, 709, 0, 0);
INSERT INTO `wow_faction_template` VALUES (1214, 729, -1, 1);
INSERT INTO `wow_faction_template` VALUES (1215, 729, -1, 1);
INSERT INTO `wow_faction_template` VALUES (1216, 730, 1, -1);
INSERT INTO `wow_faction_template` VALUES (1217, 730, 1, -1);
INSERT INTO `wow_faction_template` VALUES (1234, 750, -1, -1);
INSERT INTO `wow_faction_template` VALUES (1235, 750, -1, -1);
INSERT INTO `wow_faction_template` VALUES (1236, 750, -1, -1);
INSERT INTO `wow_faction_template` VALUES (1254, 609, 0, 0);
INSERT INTO `wow_faction_template` VALUES (1274, 7, 0, -1);
INSERT INTO `wow_faction_template` VALUES (1275, 7, -1, 0);
INSERT INTO `wow_faction_template` VALUES (1294, 771, -1, -1);
INSERT INTO `wow_faction_template` VALUES (1314, 66, -1, 1);
INSERT INTO `wow_faction_template` VALUES (1315, 189, 1, -1);
INSERT INTO `wow_faction_template` VALUES (1334, 730, 1, -1);
INSERT INTO `wow_faction_template` VALUES (1335, 729, -1, 1);
INSERT INTO `wow_faction_template` VALUES (1354, 809, 0, 0);
INSERT INTO `wow_faction_template` VALUES (1355, 809, 0, 0);
INSERT INTO `wow_faction_template` VALUES (1374, 829, -1, -1);
INSERT INTO `wow_faction_template` VALUES (1375, 77, -1, -1);
INSERT INTO `wow_faction_template` VALUES (1394, 80, -1, -1);
INSERT INTO `wow_faction_template` VALUES (1395, 916, -1, -1);
INSERT INTO `wow_faction_template` VALUES (1414, 790, 0, -1);
INSERT INTO `wow_faction_template` VALUES (1415, 849, -1, 0);
INSERT INTO `wow_faction_template` VALUES (1434, 869, -1, -1);
INSERT INTO `wow_faction_template` VALUES (1454, 36, 1, 1);
INSERT INTO `wow_faction_template` VALUES (1474, 59, 0, 0);
INSERT INTO `wow_faction_template` VALUES (1475, 59, 0, 0);
INSERT INTO `wow_faction_template` VALUES (1494, 66, -1, 1);
INSERT INTO `wow_faction_template` VALUES (1495, 66, -1, 1);
INSERT INTO `wow_faction_template` VALUES (1496, 66, -1, 1);
INSERT INTO `wow_faction_template` VALUES (1514, 890, 1, -1);
INSERT INTO `wow_faction_template` VALUES (1515, 889, -1, 1);
INSERT INTO `wow_faction_template` VALUES (1534, 730, 1, -1);
INSERT INTO `wow_faction_template` VALUES (1554, 729, -1, 1);
INSERT INTO `wow_faction_template` VALUES (1555, 909, 0, 0);
INSERT INTO `wow_faction_template` VALUES (1574, 270, 0, 0);
INSERT INTO `wow_faction_template` VALUES (1575, 72, 1, -1);
INSERT INTO `wow_faction_template` VALUES (1576, 269, 1, -1);
INSERT INTO `wow_faction_template` VALUES (1577, 509, 1, -1);
INSERT INTO `wow_faction_template` VALUES (1594, 69, 1, -1);
INSERT INTO `wow_faction_template` VALUES (1595, 76, -1, 1);
INSERT INTO `wow_faction_template` VALUES (1596, 730, 1, -1);
INSERT INTO `wow_faction_template` VALUES (1597, 729, -1, 1);
INSERT INTO `wow_faction_template` VALUES (1598, 510, -1, 1);
INSERT INTO `wow_faction_template` VALUES (1599, 509, 1, -1);
INSERT INTO `wow_faction_template` VALUES (1600, 69, 1, -1);
INSERT INTO `wow_faction_template` VALUES (1601, 910, 0, 0);
INSERT INTO `wow_faction_template` VALUES (1602, 911, -1, 1);
INSERT INTO `wow_faction_template` VALUES (1603, 911, -1, 1);
INSERT INTO `wow_faction_template` VALUES (1604, 911, -1, 1);
INSERT INTO `wow_faction_template` VALUES (1605, 531, -1, -1);
INSERT INTO `wow_faction_template` VALUES (1606, 7, -1, 1);
INSERT INTO `wow_faction_template` VALUES (1607, 7, -1, 1);
INSERT INTO `wow_faction_template` VALUES (1608, 609, 0, 0);
INSERT INTO `wow_faction_template` VALUES (1610, 914, -1, 1);
INSERT INTO `wow_faction_template` VALUES (1611, 47, 1, -1);
INSERT INTO `wow_faction_template` VALUES (1612, 76, -1, 1);
INSERT INTO `wow_faction_template` VALUES (1613, 912, 1, 1);
INSERT INTO `wow_faction_template` VALUES (1614, 14, -1, -1);
INSERT INTO `wow_faction_template` VALUES (1615, 169, 0, 0);
INSERT INTO `wow_faction_template` VALUES (1616, 919, 1, 1);
INSERT INTO `wow_faction_template` VALUES (1617, 918, -1, -1);
INSERT INTO `wow_faction_template` VALUES (1618, 47, 1, -1);
INSERT INTO `wow_faction_template` VALUES (1619, 76, -1, 1);
INSERT INTO `wow_faction_template` VALUES (1620, 128, -1, -1);
INSERT INTO `wow_faction_template` VALUES (1621, 921, 1, -1);
INSERT INTO `wow_faction_template` VALUES (1622, 920, 1, -1);
INSERT INTO `wow_faction_template` VALUES (1623, 922, -1, 1);
INSERT INTO `wow_faction_template` VALUES (1624, 529, 0, 0);
INSERT INTO `wow_faction_template` VALUES (1625, 529, 0, 0);
INSERT INTO `wow_faction_template` VALUES (1626, 20, -1, -1);
INSERT INTO `wow_faction_template` VALUES (1627, 923, -1, 1);
INSERT INTO `wow_faction_template` VALUES (1628, 922, -1, 1);
INSERT INTO `wow_faction_template` VALUES (1629, 927, 1, -1);
INSERT INTO `wow_faction_template` VALUES (1630, 928, -1, -1);
INSERT INTO `wow_faction_template` VALUES (1634, 928, -1, -1);
INSERT INTO `wow_faction_template` VALUES (1635, 169, 0, 0);
INSERT INTO `wow_faction_template` VALUES (1636, 923, -1, 1);
INSERT INTO `wow_faction_template` VALUES (1637, 923, -1, 1);
INSERT INTO `wow_faction_template` VALUES (1638, 930, 1, -1);
INSERT INTO `wow_faction_template` VALUES (1639, 930, 1, -1);
INSERT INTO `wow_faction_template` VALUES (1640, 930, 1, -1);
INSERT INTO `wow_faction_template` VALUES (1641, 889, -1, 1);
INSERT INTO `wow_faction_template` VALUES (1642, 890, 1, -1);
INSERT INTO `wow_faction_template` VALUES (1643, 937, -1, -1);
INSERT INTO `wow_faction_template` VALUES (1644, 940, 1, -1);
INSERT INTO `wow_faction_template` VALUES (1645, 940, 1, -1);
INSERT INTO `wow_faction_template` VALUES (1646, 930, 1, -1);
INSERT INTO `wow_faction_template` VALUES (1647, 930, 1, -1);
INSERT INTO `wow_faction_template` VALUES (1648, 940, 1, -1);
INSERT INTO `wow_faction_template` VALUES (1649, 940, 1, -1);
INSERT INTO `wow_faction_template` VALUES (1650, 941, -1, 1);
INSERT INTO `wow_faction_template` VALUES (1651, 941, -1, 1);
INSERT INTO `wow_faction_template` VALUES (1652, 941, -1, 1);
INSERT INTO `wow_faction_template` VALUES (1653, 941, -1, 1);
INSERT INTO `wow_faction_template` VALUES (1654, 930, 1, -1);
INSERT INTO `wow_faction_template` VALUES (1655, 930, 1, -1);
INSERT INTO `wow_faction_template` VALUES (1656, 911, -1, 1);
INSERT INTO `wow_faction_template` VALUES (1657, 911, -1, 1);
INSERT INTO `wow_faction_template` VALUES (1658, 911, -1, 1);
INSERT INTO `wow_faction_template` VALUES (1659, 942, 0, 0);
INSERT INTO `wow_faction_template` VALUES (1660, 942, 0, 0);
INSERT INTO `wow_faction_template` VALUES (1661, 942, 0, 0);
INSERT INTO `wow_faction_template` VALUES (1662, 943, -1, -1);
INSERT INTO `wow_faction_template` VALUES (1663, 944, -1, -1);
INSERT INTO `wow_faction_template` VALUES (1664, 945, -1, -1);
INSERT INTO `wow_faction_template` VALUES (1665, 0, 1, 1);
INSERT INTO `wow_faction_template` VALUES (1666, 946, 1, -1);
INSERT INTO `wow_faction_template` VALUES (1667, 946, 1, -1);
INSERT INTO `wow_faction_template` VALUES (1668, 947, -1, 1);
INSERT INTO `wow_faction_template` VALUES (1669, 947, -1, 1);
INSERT INTO `wow_faction_template` VALUES (1670, 947, -1, 1);
INSERT INTO `wow_faction_template` VALUES (1671, 946, 1, -1);
INSERT INTO `wow_faction_template` VALUES (1672, 949, 1, 1);
INSERT INTO `wow_faction_template` VALUES (1673, 950, 0, 0);
INSERT INTO `wow_faction_template` VALUES (1674, 953, 1, 1);
INSERT INTO `wow_faction_template` VALUES (1675, 952, 1, 1);
INSERT INTO `wow_faction_template` VALUES (1676, 954, 1, 1);
INSERT INTO `wow_faction_template` VALUES (1677, 951, 1, 1);
INSERT INTO `wow_faction_template` VALUES (1678, 956, -1, -1);
INSERT INTO `wow_faction_template` VALUES (1679, 955, -1, -1);
INSERT INTO `wow_faction_template` VALUES (1680, 74, 1, 1);
INSERT INTO `wow_faction_template` VALUES (1681, 957, -1, -1);
INSERT INTO `wow_faction_template` VALUES (1682, 958, 0, 0);
INSERT INTO `wow_faction_template` VALUES (1683, 959, 0, 0);
INSERT INTO `wow_faction_template` VALUES (1684, 960, 0, 0);
INSERT INTO `wow_faction_template` VALUES (1685, 961, 1, -1);
INSERT INTO `wow_faction_template` VALUES (1686, 961, 1, -1);
INSERT INTO `wow_faction_template` VALUES (1687, 962, -1, -1);
INSERT INTO `wow_faction_template` VALUES (1688, 963, 1, 1);
INSERT INTO `wow_faction_template` VALUES (1689, 964, 1, 1);
INSERT INTO `wow_faction_template` VALUES (1690, 963, 1, 1);
INSERT INTO `wow_faction_template` VALUES (1691, 964, 1, 1);
INSERT INTO `wow_faction_template` VALUES (1692, 965, -1, -1);
INSERT INTO `wow_faction_template` VALUES (1693, 966, -1, -1);
INSERT INTO `wow_faction_template` VALUES (1694, 930, 1, -1);
INSERT INTO `wow_faction_template` VALUES (1695, 911, -1, 1);
INSERT INTO `wow_faction_template` VALUES (1696, 967, 0, 0);
INSERT INTO `wow_faction_template` VALUES (1697, 943, -1, -1);
INSERT INTO `wow_faction_template` VALUES (1698, 930, 1, -1);
INSERT INTO `wow_faction_template` VALUES (1699, 930, 1, -1);
INSERT INTO `wow_faction_template` VALUES (1700, 930, 1, -1);
INSERT INTO `wow_faction_template` VALUES (1701, 968, -1, -1);
INSERT INTO `wow_faction_template` VALUES (1702, 968, -1, -1);
INSERT INTO `wow_faction_template` VALUES (1703, 679, 0, 0);
INSERT INTO `wow_faction_template` VALUES (1704, 943, -1, -1);
INSERT INTO `wow_faction_template` VALUES (1705, 943, -1, -1);
INSERT INTO `wow_faction_template` VALUES (1706, 971, -1, -1);
INSERT INTO `wow_faction_template` VALUES (1707, 970, 0, 0);
INSERT INTO `wow_faction_template` VALUES (1708, 970, 0, 0);
INSERT INTO `wow_faction_template` VALUES (1709, 970, 0, 0);
INSERT INTO `wow_faction_template` VALUES (1710, 942, 0, 0);
INSERT INTO `wow_faction_template` VALUES (1711, 973, -1, -1);
INSERT INTO `wow_faction_template` VALUES (1712, 974, -1, -1);
INSERT INTO `wow_faction_template` VALUES (1713, 974, -1, -1);
INSERT INTO `wow_faction_template` VALUES (1714, 968, -1, -1);
INSERT INTO `wow_faction_template` VALUES (1715, 975, -1, -1);
INSERT INTO `wow_faction_template` VALUES (1716, 976, 1, 1);
INSERT INTO `wow_faction_template` VALUES (1717, 976, 1, 1);
INSERT INTO `wow_faction_template` VALUES (1718, 976, 1, 1);
INSERT INTO `wow_faction_template` VALUES (1719, 976, 1, 1);
INSERT INTO `wow_faction_template` VALUES (1720, 977, -1, -1);
INSERT INTO `wow_faction_template` VALUES (1721, 978, 1, -1);
INSERT INTO `wow_faction_template` VALUES (1722, 978, 1, -1);
INSERT INTO `wow_faction_template` VALUES (1723, 978, 1, -1);
INSERT INTO `wow_faction_template` VALUES (1724, 978, 1, -1);
INSERT INTO `wow_faction_template` VALUES (1725, 979, 1, 1);
INSERT INTO `wow_faction_template` VALUES (1726, 979, 1, 1);
INSERT INTO `wow_faction_template` VALUES (1727, 979, 1, 1);
INSERT INTO `wow_faction_template` VALUES (1728, 942, 0, 0);
INSERT INTO `wow_faction_template` VALUES (1729, 947, -1, 1);
INSERT INTO `wow_faction_template` VALUES (1730, 933, 0, 0);
INSERT INTO `wow_faction_template` VALUES (1731, 933, 0, 0);
INSERT INTO `wow_faction_template` VALUES (1732, 189, 1, -1);
INSERT INTO `wow_faction_template` VALUES (1733, 189, 1, -1);
INSERT INTO `wow_faction_template` VALUES (1734, 66, -1, 1);
INSERT INTO `wow_faction_template` VALUES (1735, 66, -1, 1);
INSERT INTO `wow_faction_template` VALUES (1736, 966, -1, -1);
INSERT INTO `wow_faction_template` VALUES (1737, 946, 1, -1);
INSERT INTO `wow_faction_template` VALUES (1738, 981, -1, -1);
INSERT INTO `wow_faction_template` VALUES (1739, 982, -1, -1);
INSERT INTO `wow_faction_template` VALUES (1740, 983, -1, -1);
INSERT INTO `wow_faction_template` VALUES (1741, 935, 0, 0);
INSERT INTO `wow_faction_template` VALUES (1742, 984, -1, -1);
INSERT INTO `wow_faction_template` VALUES (1743, 932, 0, 0);
INSERT INTO `wow_faction_template` VALUES (1744, 934, 0, 0);
INSERT INTO `wow_faction_template` VALUES (1745, 911, -1, 1);
INSERT INTO `wow_faction_template` VALUES (1746, 934, 0, 0);
INSERT INTO `wow_faction_template` VALUES (1747, 985, 1, 1);
INSERT INTO `wow_faction_template` VALUES (1748, 986, -1, -1);
INSERT INTO `wow_faction_template` VALUES (1749, 987, 0, 0);
INSERT INTO `wow_faction_template` VALUES (1750, 988, -1, -1);
INSERT INTO `wow_faction_template` VALUES (1751, 14, -1, -1);
INSERT INTO `wow_faction_template` VALUES (1752, 993, -1, -1);
INSERT INTO `wow_faction_template` VALUES (1753, 993, -1, -1);
INSERT INTO `wow_faction_template` VALUES (1754, 993, -1, -1);
INSERT INTO `wow_faction_template` VALUES (1755, 991, 1, -1);
INSERT INTO `wow_faction_template` VALUES (1756, 991, 1, -1);
INSERT INTO `wow_faction_template` VALUES (1757, 991, 1, -1);
INSERT INTO `wow_faction_template` VALUES (1758, 992, -1, 1);
INSERT INTO `wow_faction_template` VALUES (1759, 992, -1, 1);
INSERT INTO `wow_faction_template` VALUES (1760, 992, -1, 1);
INSERT INTO `wow_faction_template` VALUES (1761, 994, -1, -1);
INSERT INTO `wow_faction_template` VALUES (1762, 995, -1, -1);
INSERT INTO `wow_faction_template` VALUES (1763, 996, -1, -1);
INSERT INTO `wow_faction_template` VALUES (1764, 997, -1, -1);
INSERT INTO `wow_faction_template` VALUES (1765, 998, -1, -1);
INSERT INTO `wow_faction_template` VALUES (1766, 529, 0, 0);
INSERT INTO `wow_faction_template` VALUES (1767, 529, 0, 0);
INSERT INTO `wow_faction_template` VALUES (1768, 73, -1, -1);
INSERT INTO `wow_faction_template` VALUES (1769, 73, -1, -1);
INSERT INTO `wow_faction_template` VALUES (1770, 959, 1, 1);
INSERT INTO `wow_faction_template` VALUES (1771, 960, -1, -1);
INSERT INTO `wow_faction_template` VALUES (1772, 999, -1, -1);
INSERT INTO `wow_faction_template` VALUES (1773, 1000, 1, 1);
INSERT INTO `wow_faction_template` VALUES (1774, 31, 1, 1);
INSERT INTO `wow_faction_template` VALUES (1775, 935, 0, 0);
INSERT INTO `wow_faction_template` VALUES (1776, 932, 0, 0);
INSERT INTO `wow_faction_template` VALUES (1777, 932, 0, 0);
INSERT INTO `wow_faction_template` VALUES (1778, 990, 0, 0);
INSERT INTO `wow_faction_template` VALUES (1779, 989, 0, 0);
INSERT INTO `wow_faction_template` VALUES (1780, 1001, -1, -1);
INSERT INTO `wow_faction_template` VALUES (1781, 929, -1, -1);
INSERT INTO `wow_faction_template` VALUES (1782, 1001, -1, -1);
INSERT INTO `wow_faction_template` VALUES (1783, 929, -1, -1);
INSERT INTO `wow_faction_template` VALUES (1784, 1001, -1, -1);
INSERT INTO `wow_faction_template` VALUES (1785, 929, -1, -1);
INSERT INTO `wow_faction_template` VALUES (1786, 73, -1, -1);
INSERT INTO `wow_faction_template` VALUES (1787, 14, -1, -1);
INSERT INTO `wow_faction_template` VALUES (1788, 933, 0, 0);
INSERT INTO `wow_faction_template` VALUES (1789, 968, -1, -1);
INSERT INTO `wow_faction_template` VALUES (1790, 1001, -1, -1);
INSERT INTO `wow_faction_template` VALUES (1791, 929, -1, -1);
INSERT INTO `wow_faction_template` VALUES (1792, 943, -1, -1);
INSERT INTO `wow_faction_template` VALUES (1793, 968, -1, -1);
INSERT INTO `wow_faction_template` VALUES (1794, 1003, 1, 1);
INSERT INTO `wow_faction_template` VALUES (1795, 1003, 1, 1);
INSERT INTO `wow_faction_template` VALUES (1796, 956, -1, -1);
INSERT INTO `wow_faction_template` VALUES (1797, 1003, 1, 1);
INSERT INTO `wow_faction_template` VALUES (1798, 1004, -1, -1);
INSERT INTO `wow_faction_template` VALUES (1799, 1002, -1, -1);
INSERT INTO `wow_faction_template` VALUES (1800, 956, -1, -1);
INSERT INTO `wow_faction_template` VALUES (1801, 67, -1, 1);
INSERT INTO `wow_faction_template` VALUES (1802, 469, 1, -1);
INSERT INTO `wow_faction_template` VALUES (1803, 148, 0, -1);
INSERT INTO `wow_faction_template` VALUES (1804, 148, -1, 0);
INSERT INTO `wow_faction_template` VALUES (1805, 932, 1, 1);
INSERT INTO `wow_faction_template` VALUES (1806, 31, 1, 1);
INSERT INTO `wow_faction_template` VALUES (1807, 1003, 1, 1);
INSERT INTO `wow_faction_template` VALUES (1808, 1007, -1, -1);
INSERT INTO `wow_faction_template` VALUES (1809, 1009, -1, -1);
INSERT INTO `wow_faction_template` VALUES (1810, 1006, -1, -1);
INSERT INTO `wow_faction_template` VALUES (1811, 1008, -1, -1);
INSERT INTO `wow_faction_template` VALUES (1812, 31, 1, 1);
INSERT INTO `wow_faction_template` VALUES (1813, 1010, -1, -1);
INSERT INTO `wow_faction_template` VALUES (1814, 966, -1, -1);
INSERT INTO `wow_faction_template` VALUES (1815, 29, -1, -1);
INSERT INTO `wow_faction_template` VALUES (1816, 31, 1, 1);
INSERT INTO `wow_faction_template` VALUES (1818, 1011, 0, 0);
INSERT INTO `wow_faction_template` VALUES (1819, 189, 1, -1);
INSERT INTO `wow_faction_template` VALUES (1820, 1012, 0, 0);
INSERT INTO `wow_faction_template` VALUES (1821, 1013, 1, 1);
INSERT INTO `wow_faction_template` VALUES (1822, 1014, 1, 1);
INSERT INTO `wow_faction_template` VALUES (1823, 956, -1, -1);
INSERT INTO `wow_faction_template` VALUES (1824, 1015, 0, 0);
INSERT INTO `wow_faction_template` VALUES (1825, 73, -1, -1);
INSERT INTO `wow_faction_template` VALUES (1826, 1010, -1, -1);
INSERT INTO `wow_faction_template` VALUES (1827, 1016, -1, -1);
INSERT INTO `wow_faction_template` VALUES (1828, 1017, 0, 0);
INSERT INTO `wow_faction_template` VALUES (1829, 1018, 1, 1);
INSERT INTO `wow_faction_template` VALUES (1830, 1019, 1, 1);
INSERT INTO `wow_faction_template` VALUES (1831, 1020, 1, 1);
INSERT INTO `wow_faction_template` VALUES (1832, 1021, 1, 1);
INSERT INTO `wow_faction_template` VALUES (1833, 1022, 1, 1);
INSERT INTO `wow_faction_template` VALUES (1834, 1023, -1, -1);
INSERT INTO `wow_faction_template` VALUES (1835, 66, -1, 1);
INSERT INTO `wow_faction_template` VALUES (1836, 933, 0, 0);
INSERT INTO `wow_faction_template` VALUES (1837, 970, 0, 0);
INSERT INTO `wow_faction_template` VALUES (1838, 934, 0, 0);
INSERT INTO `wow_faction_template` VALUES (1839, 1024, -1, -1);
INSERT INTO `wow_faction_template` VALUES (1840, 1025, 1, 1);
INSERT INTO `wow_faction_template` VALUES (1841, 1026, 1, 1);
INSERT INTO `wow_faction_template` VALUES (1842, 1027, -1, -1);
INSERT INTO `wow_faction_template` VALUES (1843, 1010, -1, -1);
INSERT INTO `wow_faction_template` VALUES (1844, 932, 0, 0);
INSERT INTO `wow_faction_template` VALUES (1845, 934, 0, 0);
INSERT INTO `wow_faction_template` VALUES (1846, 1028, -1, -1);
INSERT INTO `wow_faction_template` VALUES (1847, 965, -1, -1);
INSERT INTO `wow_faction_template` VALUES (1848, 966, -1, -1);
INSERT INTO `wow_faction_template` VALUES (1849, 1010, -1, -1);
INSERT INTO `wow_faction_template` VALUES (1850, 1015, 0, 0);
INSERT INTO `wow_faction_template` VALUES (1851, 1011, 0, 0);
INSERT INTO `wow_faction_template` VALUES (1852, 1029, 1, 1);
INSERT INTO `wow_faction_template` VALUES (1853, 1010, -1, -1);
INSERT INTO `wow_faction_template` VALUES (1854, 932, 0, 0);
INSERT INTO `wow_faction_template` VALUES (1855, 934, 0, 0);
INSERT INTO `wow_faction_template` VALUES (1856, 1031, 0, 0);
INSERT INTO `wow_faction_template` VALUES (1857, 31, 1, 1);
INSERT INTO `wow_faction_template` VALUES (1858, 1012, 1, 1);
INSERT INTO `wow_faction_template` VALUES (1859, 1033, 1, 1);
INSERT INTO `wow_faction_template` VALUES (1860, 1034, 1, 1);
INSERT INTO `wow_faction_template` VALUES (1862, 1035, -1, -1);
INSERT INTO `wow_faction_template` VALUES (1863, 52, -1, -1);
INSERT INTO `wow_faction_template` VALUES (1864, 1036, -1, -1);
INSERT INTO `wow_faction_template` VALUES (1865, 52, -1, -1);
INSERT INTO `wow_faction_template` VALUES (1866, 1012, 0, 0);
INSERT INTO `wow_faction_template` VALUES (1867, 1033, 1, 1);
INSERT INTO `wow_faction_template` VALUES (1868, 966, 1, 1);
INSERT INTO `wow_faction_template` VALUES (1869, 981, -1, -1);
INSERT INTO `wow_faction_template` VALUES (1870, 1031, 0, 0);
INSERT INTO `wow_faction_template` VALUES (1871, 1035, -1, -1);
INSERT INTO `wow_faction_template` VALUES (1872, 1038, 0, 0);
INSERT INTO `wow_faction_template` VALUES (1873, 1024, -1, -1);
INSERT INTO `wow_faction_template` VALUES (1874, 1038, 0, 0);
INSERT INTO `wow_faction_template` VALUES (1875, 932, 0, 0);
INSERT INTO `wow_faction_template` VALUES (1876, 934, 0, 0);
INSERT INTO `wow_faction_template` VALUES (1877, 52, -1, -1);
INSERT INTO `wow_faction_template` VALUES (1878, 1041, -1, -1);
INSERT INTO `wow_faction_template` VALUES (1879, 1042, -1, -1);
INSERT INTO `wow_faction_template` VALUES (1880, 52, -1, -1);
INSERT INTO `wow_faction_template` VALUES (1881, 1035, -1, -1);
INSERT INTO `wow_faction_template` VALUES (1882, 1010, -1, -1);
INSERT INTO `wow_faction_template` VALUES (1883, 1044, -1, -1);
INSERT INTO `wow_faction_template` VALUES (1884, 1047, -1, -1);
INSERT INTO `wow_faction_template` VALUES (1885, 1045, -1, -1);
INSERT INTO `wow_faction_template` VALUES (1886, 7, -1, -1);
INSERT INTO `wow_faction_template` VALUES (1887, 7, -1, -1);
INSERT INTO `wow_faction_template` VALUES (1888, 1046, -1, -1);
INSERT INTO `wow_faction_template` VALUES (1889, 1048, -1, -1);
INSERT INTO `wow_faction_template` VALUES (1890, 1049, -1, -1);
INSERT INTO `wow_faction_template` VALUES (1891, 1050, 1, -1);
INSERT INTO `wow_faction_template` VALUES (1892, 1050, 1, -1);
INSERT INTO `wow_faction_template` VALUES (1893, 1050, 1, -1);
INSERT INTO `wow_faction_template` VALUES (1894, 1045, -1, -1);
INSERT INTO `wow_faction_template` VALUES (1895, 1045, -1, -1);
INSERT INTO `wow_faction_template` VALUES (1896, 909, 1, 1);
INSERT INTO `wow_faction_template` VALUES (1897, 1067, -1, 1);
INSERT INTO `wow_faction_template` VALUES (1898, 1050, 1, -1);
INSERT INTO `wow_faction_template` VALUES (1899, 1050, 1, -1);
INSERT INTO `wow_faction_template` VALUES (1900, 1067, -1, 1);
INSERT INTO `wow_faction_template` VALUES (1901, 1052, -1, 1);
INSERT INTO `wow_faction_template` VALUES (1902, 960, -1, -1);
INSERT INTO `wow_faction_template` VALUES (1904, 960, -1, -1);
INSERT INTO `wow_faction_template` VALUES (1905, 1055, 0, 0);
INSERT INTO `wow_faction_template` VALUES (1906, 1054, -1, -1);
INSERT INTO `wow_faction_template` VALUES (1907, 949, 0, 0);
INSERT INTO `wow_faction_template` VALUES (1908, 949, 0, 0);
INSERT INTO `wow_faction_template` VALUES (1909, 42, -1, -1);
INSERT INTO `wow_faction_template` VALUES (1910, 1056, 1, 1);
INSERT INTO `wow_faction_template` VALUES (1911, 1057, 1, 1);
INSERT INTO `wow_faction_template` VALUES (1912, 1058, 1, 1);
INSERT INTO `wow_faction_template` VALUES (1913, 1059, 1, 1);
INSERT INTO `wow_faction_template` VALUES (1914, 1045, -1, -1);
INSERT INTO `wow_faction_template` VALUES (1915, 1060, 0, 0);
INSERT INTO `wow_faction_template` VALUES (1916, 1033, 1, 1);
INSERT INTO `wow_faction_template` VALUES (1917, 7, -1, -1);
INSERT INTO `wow_faction_template` VALUES (1918, 1052, -1, 1);
INSERT INTO `wow_faction_template` VALUES (1919, 1062, -1, -1);
INSERT INTO `wow_faction_template` VALUES (1920, 1063, 1, -1);
INSERT INTO `wow_faction_template` VALUES (1921, 1064, -1, 1);
INSERT INTO `wow_faction_template` VALUES (1922, 1064, -1, 1);
INSERT INTO `wow_faction_template` VALUES (1923, 1064, -1, 1);
INSERT INTO `wow_faction_template` VALUES (1924, 1065, -1, -1);
INSERT INTO `wow_faction_template` VALUES (1925, 14, -1, -1);
INSERT INTO `wow_faction_template` VALUES (1926, 1068, 1, -1);
INSERT INTO `wow_faction_template` VALUES (1927, 1068, 1, -1);
INSERT INTO `wow_faction_template` VALUES (1928, 1067, -1, 1);
INSERT INTO `wow_faction_template` VALUES (1929, 1067, -1, 1);
INSERT INTO `wow_faction_template` VALUES (1930, 1069, 0, 0);
INSERT INTO `wow_faction_template` VALUES (1931, 1070, 0, 0);
INSERT INTO `wow_faction_template` VALUES (1932, 74, -1, -1);
INSERT INTO `wow_faction_template` VALUES (1933, 31, 0, 1);
INSERT INTO `wow_faction_template` VALUES (1934, 959, 1, -1);
INSERT INTO `wow_faction_template` VALUES (1935, 959, -1, 1);
INSERT INTO `wow_faction_template` VALUES (1936, 1071, 0, 0);
INSERT INTO `wow_faction_template` VALUES (1937, 1071, 0, 0);
INSERT INTO `wow_faction_template` VALUES (1938, 1071, 0, 0);
INSERT INTO `wow_faction_template` VALUES (1939, 1071, 0, 0);
INSERT INTO `wow_faction_template` VALUES (1940, 1071, 0, 0);
INSERT INTO `wow_faction_template` VALUES (1941, 1071, 0, 0);
INSERT INTO `wow_faction_template` VALUES (1942, 1071, 0, 0);
INSERT INTO `wow_faction_template` VALUES (1943, 1071, 0, 0);
INSERT INTO `wow_faction_template` VALUES (1944, 1071, 0, 0);
INSERT INTO `wow_faction_template` VALUES (1945, 1071, 1, 1);
INSERT INTO `wow_faction_template` VALUES (1947, 1071, 1, 1);
INSERT INTO `wow_faction_template` VALUES (1948, 921, 1, -1);
INSERT INTO `wow_faction_template` VALUES (1949, 1073, 0, 0);
INSERT INTO `wow_faction_template` VALUES (1950, 1073, 0, 0);
INSERT INTO `wow_faction_template` VALUES (1951, 69, 1, -1);
INSERT INTO `wow_faction_template` VALUES (1952, 1074, 1, 1);
INSERT INTO `wow_faction_template` VALUES (1953, 973, -1, -1);
INSERT INTO `wow_faction_template` VALUES (1954, 1076, -1, -1);
INSERT INTO `wow_faction_template` VALUES (1955, 1076, -1, -1);
INSERT INTO `wow_faction_template` VALUES (1956, 1077, 0, 0);
INSERT INTO `wow_faction_template` VALUES (1957, 1077, 0, 0);
INSERT INTO `wow_faction_template` VALUES (1958, 960, -1, -1);
INSERT INTO `wow_faction_template` VALUES (1959, 960, 1, 1);
INSERT INTO `wow_faction_template` VALUES (1960, 1077, 0, 0);
INSERT INTO `wow_faction_template` VALUES (1961, 1078, 1, 1);
INSERT INTO `wow_faction_template` VALUES (1962, 20, -1, -1);
INSERT INTO `wow_faction_template` VALUES (1963, 73, -1, -1);
INSERT INTO `wow_faction_template` VALUES (1964, 20, -1, -1);
INSERT INTO `wow_faction_template` VALUES (1965, 965, -1, -1);
INSERT INTO `wow_faction_template` VALUES (1966, 19, -1, -1);
INSERT INTO `wow_faction_template` VALUES (1967, 1077, 0, 0);
INSERT INTO `wow_faction_template` VALUES (1968, 1079, 0, 0);
INSERT INTO `wow_faction_template` VALUES (1969, 19, -1, -1);
INSERT INTO `wow_faction_template` VALUES (1970, 14, -1, -1);
INSERT INTO `wow_faction_template` VALUES (1971, 1080, 1, 1);
INSERT INTO `wow_faction_template` VALUES (1972, 1081, 0, 0);
INSERT INTO `wow_faction_template` VALUES (1973, 1050, 1, -1);
INSERT INTO `wow_faction_template` VALUES (1974, 1050, 1, -1);
INSERT INTO `wow_faction_template` VALUES (1975, 20, -1, -1);
INSERT INTO `wow_faction_template` VALUES (1976, 1050, 1, -1);
INSERT INTO `wow_faction_template` VALUES (1977, 1050, 1, -1);
INSERT INTO `wow_faction_template` VALUES (1978, 1085, -1, 1);
INSERT INTO `wow_faction_template` VALUES (1979, 1085, -1, 1);
INSERT INTO `wow_faction_template` VALUES (1980, 1085, -1, 1);
INSERT INTO `wow_faction_template` VALUES (1981, 1085, -1, 1);
INSERT INTO `wow_faction_template` VALUES (1982, 20, -1, -1);
INSERT INTO `wow_faction_template` VALUES (1983, 965, -1, -1);
INSERT INTO `wow_faction_template` VALUES (1984, 966, -1, -1);
INSERT INTO `wow_faction_template` VALUES (1985, 14, -1, -1);
INSERT INTO `wow_faction_template` VALUES (1986, 40, 1, 1);
INSERT INTO `wow_faction_template` VALUES (1987, 942, 0, 0);
INSERT INTO `wow_faction_template` VALUES (1988, 20, -1, -1);
INSERT INTO `wow_faction_template` VALUES (1989, 1086, -1, -1);
INSERT INTO `wow_faction_template` VALUES (1990, 148, -1, -1);
INSERT INTO `wow_faction_template` VALUES (1991, 20, -1, -1);
INSERT INTO `wow_faction_template` VALUES (1992, 14, -1, -1);
INSERT INTO `wow_faction_template` VALUES (1993, 965, 1, -1);
INSERT INTO `wow_faction_template` VALUES (1994, 966, 1, -1);
INSERT INTO `wow_faction_template` VALUES (1995, 1059, 1, 1);
INSERT INTO `wow_faction_template` VALUES (1997, 1059, 1, 1);
INSERT INTO `wow_faction_template` VALUES (1998, 1087, -1, -1);
INSERT INTO `wow_faction_template` VALUES (1999, 974, -1, -1);
INSERT INTO `wow_faction_template` VALUES (2000, 974, -1, -1);
INSERT INTO `wow_faction_template` VALUES (2001, 1088, -1, -1);
INSERT INTO `wow_faction_template` VALUES (2003, 1089, -1, -1);
INSERT INTO `wow_faction_template` VALUES (2004, 1050, 1, -1);
INSERT INTO `wow_faction_template` VALUES (2005, 20, -1, -1);
INSERT INTO `wow_faction_template` VALUES (2006, 1090, 0, 0);
INSERT INTO `wow_faction_template` VALUES (2007, 1090, 0, 0);
INSERT INTO `wow_faction_template` VALUES (2008, 1090, 0, 0);
INSERT INTO `wow_faction_template` VALUES (2009, 1090, 0, 0);
INSERT INTO `wow_faction_template` VALUES (2010, 1091, 0, 0);
INSERT INTO `wow_faction_template` VALUES (2011, 1091, 0, 0);
INSERT INTO `wow_faction_template` VALUES (2012, 1091, 0, 0);
INSERT INTO `wow_faction_template` VALUES (2013, 1091, 0, 0);
INSERT INTO `wow_faction_template` VALUES (2014, 1092, 0, 0);
INSERT INTO `wow_faction_template` VALUES (2016, 1092, 0, 0);
INSERT INTO `wow_faction_template` VALUES (2017, 1092, 0, 0);
INSERT INTO `wow_faction_template` VALUES (2018, 20, -1, -1);
INSERT INTO `wow_faction_template` VALUES (2019, 1064, -1, 1);
INSERT INTO `wow_faction_template` VALUES (2020, 1085, -1, 1);
INSERT INTO `wow_faction_template` VALUES (2021, 1082, 1, -1);
INSERT INTO `wow_faction_template` VALUES (2022, 14, -1, -1);
INSERT INTO `wow_faction_template` VALUES (2023, 928, -1, -1);
INSERT INTO `wow_faction_template` VALUES (2024, 1067, -1, 1);
INSERT INTO `wow_faction_template` VALUES (2025, 1094, 1, -1);
INSERT INTO `wow_faction_template` VALUES (2026, 1094, 1, -1);
INSERT INTO `wow_faction_template` VALUES (2027, 1094, 1, -1);
INSERT INTO `wow_faction_template` VALUES (2028, 148, 1, 1);
INSERT INTO `wow_faction_template` VALUES (2029, 973, -1, -1);
INSERT INTO `wow_faction_template` VALUES (2030, 973, -1, -1);
INSERT INTO `wow_faction_template` VALUES (2031, 66, -1, 1);
INSERT INTO `wow_faction_template` VALUES (2032, 1095, 1, -1);
INSERT INTO `wow_faction_template` VALUES (2033, 14, -1, -1);
INSERT INTO `wow_faction_template` VALUES (2034, 1085, -1, 1);
INSERT INTO `wow_faction_template` VALUES (2035, 20, -1, -1);
INSERT INTO `wow_faction_template` VALUES (2036, 31, 1, 1);
INSERT INTO `wow_faction_template` VALUES (2037, 1050, 1, -1);
INSERT INTO `wow_faction_template` VALUES (2038, 148, -1, -1);
INSERT INTO `wow_faction_template` VALUES (2039, 14, -1, -1);
INSERT INTO `wow_faction_template` VALUES (2040, 1050, 1, -1);
INSERT INTO `wow_faction_template` VALUES (2041, 1091, 0, 0);
INSERT INTO `wow_faction_template` VALUES (2042, 20, -1, -1);
INSERT INTO `wow_faction_template` VALUES (2043, 20, -1, -1);
INSERT INTO `wow_faction_template` VALUES (2044, 1050, 1, -1);
INSERT INTO `wow_faction_template` VALUES (2045, 1085, -1, 1);
INSERT INTO `wow_faction_template` VALUES (2046, 40, -1, 1);
INSERT INTO `wow_faction_template` VALUES (2047, 1073, 0, 0);
INSERT INTO `wow_faction_template` VALUES (2048, 928, -1, -1);
INSERT INTO `wow_faction_template` VALUES (2049, 928, 0, 0);
INSERT INTO `wow_faction_template` VALUES (2050, 1098, 0, 0);
INSERT INTO `wow_faction_template` VALUES (2051, 1098, 0, 0);
INSERT INTO `wow_faction_template` VALUES (2052, 1099, 1, 1);
INSERT INTO `wow_faction_template` VALUES (2053, 1100, 1, 1);
INSERT INTO `wow_faction_template` VALUES (2054, 1101, 1, 1);
INSERT INTO `wow_faction_template` VALUES (2055, 965, -1, 1);
INSERT INTO `wow_faction_template` VALUES (2056, 966, -1, 1);
INSERT INTO `wow_faction_template` VALUES (2057, 1066, -1, -1);
INSERT INTO `wow_faction_template` VALUES (2058, 1102, 1, 1);
INSERT INTO `wow_faction_template` VALUES (2059, 1103, 1, 1);
INSERT INTO `wow_faction_template` VALUES (2060, 1104, 0, 0);
INSERT INTO `wow_faction_template` VALUES (2061, 1104, 0, 0);
INSERT INTO `wow_faction_template` VALUES (2062, 1104, 0, 0);
INSERT INTO `wow_faction_template` VALUES (2063, 1105, 0, 0);
INSERT INTO `wow_faction_template` VALUES (2064, 1105, 0, 0);
INSERT INTO `wow_faction_template` VALUES (2065, 1105, 0, 0);
INSERT INTO `wow_faction_template` VALUES (2066, 1105, 0, 0);
INSERT INTO `wow_faction_template` VALUES (2067, 1091, 0, 0);
INSERT INTO `wow_faction_template` VALUES (2068, 20, -1, -1);
INSERT INTO `wow_faction_template` VALUES (2069, 1107, -1, -1);
INSERT INTO `wow_faction_template` VALUES (2070, 1106, 0, 0);
INSERT INTO `wow_faction_template` VALUES (2071, 1106, 0, 0);
INSERT INTO `wow_faction_template` VALUES (2072, 1106, 0, 0);
INSERT INTO `wow_faction_template` VALUES (2073, 1106, 0, 0);
INSERT INTO `wow_faction_template` VALUES (2074, 986, -1, -1);
INSERT INTO `wow_faction_template` VALUES (2075, 1110, -1, -1);
INSERT INTO `wow_faction_template` VALUES (2076, 1108, 1, 1);
INSERT INTO `wow_faction_template` VALUES (2077, 1108, 1, 1);
INSERT INTO `wow_faction_template` VALUES (2078, 1109, 0, 0);
INSERT INTO `wow_faction_template` VALUES (2079, 1108, 1, 1);
INSERT INTO `wow_faction_template` VALUES (2080, 20, -1, -1);
INSERT INTO `wow_faction_template` VALUES (2081, 1111, 1, 1);
INSERT INTO `wow_faction_template` VALUES (2082, 20, 1, 1);
INSERT INTO `wow_faction_template` VALUES (2083, 20, 1, 1);
INSERT INTO `wow_faction_template` VALUES (2084, 20, 1, 1);
INSERT INTO `wow_faction_template` VALUES (2085, 20, 1, 1);
INSERT INTO `wow_faction_template` VALUES (2086, 529, -1, -1);
INSERT INTO `wow_faction_template` VALUES (2087, 529, -1, -1);
INSERT INTO `wow_faction_template` VALUES (2088, 960, -1, -1);
INSERT INTO `wow_faction_template` VALUES (2089, 56, -1, -1);
INSERT INTO `wow_faction_template` VALUES (2090, 1112, 1, -1);
INSERT INTO `wow_faction_template` VALUES (2091, 1113, -1, 1);
INSERT INTO `wow_faction_template` VALUES (2092, 1114, 1, 1);
INSERT INTO `wow_faction_template` VALUES (2093, 20, 1, 1);
INSERT INTO `wow_faction_template` VALUES (2094, 20, 1, 1);
INSERT INTO `wow_faction_template` VALUES (2095, 56, -1, -1);
INSERT INTO `wow_faction_template` VALUES (2096, 56, 0, 0);
INSERT INTO `wow_faction_template` VALUES (2097, 20, -1, -1);
INSERT INTO `wow_faction_template` VALUES (2098, 1116, -1, -1);
INSERT INTO `wow_faction_template` VALUES (2099, 1115, -1, -1);
INSERT INTO `wow_faction_template` VALUES (2100, 20, 1, 1);
INSERT INTO `wow_faction_template` VALUES (2101, 960, 1, 1);
INSERT INTO `wow_faction_template` VALUES (2102, 960, -1, -1);
INSERT INTO `wow_faction_template` VALUES (2103, 56, -1, -1);
INSERT INTO `wow_faction_template` VALUES (2104, 965, 1, 1);
INSERT INTO `wow_faction_template` VALUES (2105, 966, 1, 1);
INSERT INTO `wow_faction_template` VALUES (2106, 148, -1, -1);
INSERT INTO `wow_faction_template` VALUES (2107, 1119, -1, -1);
INSERT INTO `wow_faction_template` VALUES (2108, 1120, -1, -1);
INSERT INTO `wow_faction_template` VALUES (2109, 1121, -1, -1);
INSERT INTO `wow_faction_template` VALUES (2110, 31, 1, 1);
INSERT INTO `wow_faction_template` VALUES (2111, 14, -1, -1);
INSERT INTO `wow_faction_template` VALUES (2112, 1119, -1, -1);
INSERT INTO `wow_faction_template` VALUES (2113, 1121, -1, -1);
INSERT INTO `wow_faction_template` VALUES (2114, 1045, -1, -1);
INSERT INTO `wow_faction_template` VALUES (2115, 959, 1, 1);
INSERT INTO `wow_faction_template` VALUES (2116, 1045, -1, -1);
INSERT INTO `wow_faction_template` VALUES (2117, 959, 1, 1);
INSERT INTO `wow_faction_template` VALUES (2118, 1122, 1, 1);
INSERT INTO `wow_faction_template` VALUES (2119, 1123, -1, -1);
INSERT INTO `wow_faction_template` VALUES (2120, 1123, -1, -1);
INSERT INTO `wow_faction_template` VALUES (2121, 1124, -1, 1);
INSERT INTO `wow_faction_template` VALUES (2122, 1124, -1, 1);
INSERT INTO `wow_faction_template` VALUES (2123, 1124, -1, 1);
INSERT INTO `wow_faction_template` VALUES (2124, 14, -1, -1);
INSERT INTO `wow_faction_template` VALUES (2125, 1121, -1, -1);
INSERT INTO `wow_faction_template` VALUES (2126, 1121, -1, -1);
INSERT INTO `wow_faction_template` VALUES (2127, 148, 0, 0);
INSERT INTO `wow_faction_template` VALUES (2128, 1125, 1, 1);
INSERT INTO `wow_faction_template` VALUES (2129, 1124, -1, 1);
INSERT INTO `wow_faction_template` VALUES (2130, 1094, 1, -1);
INSERT INTO `wow_faction_template` VALUES (2131, 1106, 0, 0);
INSERT INTO `wow_faction_template` VALUES (2132, 1085, -1, 1);
INSERT INTO `wow_faction_template` VALUES (2133, 1121, -1, -1);
INSERT INTO `wow_faction_template` VALUES (2134, 1106, 0, 0);
INSERT INTO `wow_faction_template` VALUES (2135, 31, 1, 1);
INSERT INTO `wow_faction_template` VALUES (2136, 148, 0, 0);
INSERT INTO `wow_faction_template` VALUES (2137, 31, 1, 1);
INSERT INTO `wow_faction_template` VALUES (2138, 1106, 0, 0);
INSERT INTO `wow_faction_template` VALUES (2139, 928, -1, -1);
INSERT INTO `wow_faction_template` VALUES (2140, 31, 1, 1);
INSERT INTO `wow_faction_template` VALUES (2141, 31, 1, 1);
INSERT INTO `wow_faction_template` VALUES (2142, 469, 1, -1);
INSERT INTO `wow_faction_template` VALUES (2143, 1050, 1, -1);
INSERT INTO `wow_faction_template` VALUES (2144, 1098, 0, 0);
INSERT INTO `wow_faction_template` VALUES (2145, 928, -1, -1);
INSERT INTO `wow_faction_template` VALUES (2148, 1073, 0, 0);
INSERT INTO `wow_faction_template` VALUES (2150, 966, -1, -1);
INSERT INTO `wow_faction_template` VALUES (2155, 47, 1, -1);
INSERT INTO `wow_faction_template` VALUES (2156, 973, 0, 0);
INSERT INTO `wow_faction_template` VALUES (2176, 959, -1, 1);
INSERT INTO `wow_faction_template` VALUES (2178, 959, 1, -1);
INSERT INTO `wow_faction_template` VALUES (2189, 1145, -1, -1);
INSERT INTO `wow_faction_template` VALUES (2190, 1145, -1, -1);
INSERT INTO `wow_faction_template` VALUES (2191, 1145, -1, -1);
INSERT INTO `wow_faction_template` VALUES (2209, 20, -1, -1);
INSERT INTO `wow_faction_template` VALUES (2210, 911, 1, 1);
INSERT INTO `wow_faction_template` VALUES (2212, 20, -1, -1);
INSERT INTO `wow_faction_template` VALUES (2214, 1098, 1, 1);
INSERT INTO `wow_faction_template` VALUES (2216, 1156, 0, 0);
INSERT INTO `wow_faction_template` VALUES (2217, 1156, 0, 0);
INSERT INTO `wow_faction_template` VALUES (2218, 1156, 0, 0);
INSERT INTO `wow_faction_template` VALUES (2219, 1156, 0, 0);
INSERT INTO `wow_faction_template` VALUES (2226, 1098, 1, 1);
INSERT INTO `wow_faction_template` VALUES (2230, 1106, 0, 0);
INSERT INTO `wow_faction_template` VALUES (2235, 1160, 1, 1);
INSERT INTO `wow_faction_template` VALUES (2236, 1159, 1, 1);

DROP TABLE IF EXISTS `wow_factions`;
CREATE TABLE `wow_factions` (
  `key` varchar(255) NOT NULL,
  `id` int(11) NOT NULL,
  `name` text NOT NULL,
  `intro_es` text NOT NULL,
  `desc_es` text NOT NULL,
  `faction` int(11) NOT NULL,
  `leader_es` text NOT NULL,
  `intendant_es` text NOT NULL,
  `location_es` text NOT NULL,
  `leader_id` int(11) NOT NULL,
  `intendant_id` int(11) NOT NULL,
  `expansion` int(11) NOT NULL,
  PRIMARY KEY (`key`)
) ENGINE=MyISAM DEFAULT CHARSET=utf8;

INSERT INTO `wow_factions` VALUES ('baradins-wardens', 1177, 'Celadores de Baradin', 'Liderado en el pasado por el duque Reginald Baradin II, este ej&#233;rcito tiene lazos hist&#243;ricos con la isla de Tol Barad. Se uni&#243; a la Alianza en un esfuerzo por repeler a los invasores de la Horda y ganar el control de la estrat&#233;gica isla.', '<p>Los Celadores de Baradin son un variopinto grupo de soldados cuyo campamento se encuentra en la isla de Tol Barad. Aunque en muchas ocasiones engrosan sus filas recurriendo a mercenarios, muchos miembros prominentes de los Celadores de Baradin afirman que proceden de Stromgarde, una naci&#243;n gobernada por humanos que, en el pasado, luch&#243; contra la Horda en las costas de Tol Barad. Sin embargo, otros hablan de a&#241;os de servicio bajo las &#243;rdenes de los magos de Kul Tiras y afirman que se les encomend&#243; la tarea de vigilar a los peligrosos prisioneros que permanecen encerrados en el m&#237;stico Basti&#243;n de Baradin, para que nunca m&#225;s caminasen libres por Azeroth.</p><p>Bien sean meras bravuconadas o historias ciertas que a&#250;n est&#225;n por desvelarse, no se puede negar el pasado sangriento de los guardianes de la isla. Los Celadores de Baradin se han entregado a su misi&#243;n con gran firmeza.</p><p>Estos campeones aceptan la ayuda de cualquiera que est&#233; dispuesto a cruzar espadas con los ej&#233;rcitos de la Horda diseminados por la isla de Tol Barad. Los favores que otorgan a sus campeones son igualmente combativos: poderosos confalones de batalla, armas sin igual y otras ayudas para la batalla. Los Celadores de Baradin tienen la esperanza de que estos instrumentos les ayuden en su duradera misi&#243;n de controlar la prisi&#243;n de la isla una vez m&#225;s.</p>', 0, 'Comandante Marcus Johnson', 'Intendente Brazie', 'Pen&#237;nsula de Tol Barad', 47240, 47328, 3);
INSERT INTO `wow_factions` VALUES ('dragonmaw-clan', 1172, 'Clan Faucedraco', 'Este d&#237;scolo clan orco en el pasado tuvo el apoyo de Alamuerte en persona para esclavizar a los dragones rojos, incluyendo a Alexstrasza. Hoy en d&#237;a, los Faucedraco, bastante menos numerosos y poderosos, moran las Tierras Altas Crepusculares.', '<p>Los orcos del clan Faucedraco han sido una fuerza destructora desde el momento en el que su raza puso un pie en Azeroth. Durante la Segunda Guerra, utilizaron un artefacto oscuro conocido como el Alma demon&#237;aca para capturar dragones rojos. M&#225;s tarde, el clan viaj&#243; a Terrallende, donde pas&#243; a servir a Illidan el Traidor y utiliz&#243; sus conocimientos de todo lo relacionado con los dragones para esclavizar a los dragones abisales oriundos de aquellas tierras.</p><p>Sin embargo, la historia de los Faucedraco va m&#225;s all&#225; de sus atrocidades m&#225;s recientes. En tiempos pasados, eran tan nobles y orgullosos como cualquier otro clan orco. Tras el Cataclismo, la situaci&#243;n de Azeroth ha ido empeorando cada vez m&#225;s y los soldados de la nueva Horda se encuentran ante una nueva oportunidad para redimir a sus antiguos aliados. A pesar de sus cr&#237;menes pasados, es la voluntad del Jefe de Guerra que los Faucedraco, anta&#241;o malignos, se unan a la Horda de nuevo en la batalla que se avecina.</p><p>Los miembros de la Horda que aprueben la presencia del clan Faucedraco recibir&#225;n como recompensa piezas de armadura magistralmente creadas y abalorios m&#237;sticos que reflejan la historia de dominio del clan.</p>', 1, 'Se&#241;ora de la guerra Zaela', 'Grot Soplomuerte', 'Tierras Altas Crepusculares', 46897, 49387, 3);
INSERT INTO `wow_factions` VALUES ('wildhammer-clan', 1174, 'Clan Martillo Salvaje', 'Los enanos Martillo Salvaje son conocidos por su coraje casi temerario y su habilidad para montar grifos. Tras perder su hogar, Grim Batol, por una maldici&#243;n de los Hierro Negro, se esparcieron por las Tierras Altas Crepusculares.', '<p>Desde que fueron expulsados de Grim Batol, los enanos Martillo Salvaje, habituados a morar en la naturaleza, han vivido en territorios aislados y han protegido su independencia por encima de todo. Sin embargo, cuando sus primos Barbabronce y sus aliados de la Alianza se vieron amenazados por los orcos y los no-muertos, los bruscos e independientes Martillo Salvaje dieron un paso al frente para ayudarlos.</p><p>Es ahora cuando los Martillo Salvaje han tenido que enfrentarse a los mismos problemas que el resto de Azeroth justo en este preciso momento. Los dragones negros que lo arrasan todo y los cultores man&#237;acos que cercan los hogares de los Martillo Salvaje en las Tierras Altas Crepusculares no son m&#225;s que un eco de la devastaci&#243;n que est&#225; ocurriendo en todos los rincones del mundo. Mientras Azeroth tiembla, Magni Barbabronce, gobernante de la ciudad enana m&#225;s poderosa del mundo, se ha sometido a un antiguo ritual que le ha impedido seguir gobernando a su pueblo.</p><p>Ni siquiera los ermita&#241;os Martillo Salvaje pueden ignorar esas se&#241;ales. Por lo tanto, se han unido a la Alianza y aquellos campeones que abanderen su causa conseguir&#225;n poderosas armaduras encantadas y reliquias &#250;nicas forjadas por enanos urbanitas.</p>', 0, 'Falstad Martillo Salvaje', 'Craw MacGraw', 'Tierras Altas Crepusculares', 5635, 49386, 3);
INSERT INTO `wow_factions` VALUES ('the-earthen-ring', 1135, 'El Anillo de la Tierra', 'Esta reuni&#243;n de los chamanes m&#225;s poderosos de Azeroth busca proteger el equilibrio entre las fuerzas de los elementales del mundo. Su mayor objetivo durante el Cataclismo fue reparar y estabilizar el da&#241;o causado por la llegada de Alamuerte.', '<p>La organizaci&#243;n conocida como El Anillo de la Tierra est&#225; formada por poderosos chamanes y otros seguidores de los elementos. Al contrario que su siniestro adversario, el culto del Martillo Crepuscular, el Anillo ve el equilibrio y la armon&#237;a en los elementos, no simplemente caos y destrucci&#243;n.</p><p>Las propiedades destructivas de los elementos quedan patentes en los acontecimiento inmediatamente posteriores al Cataclismo y, por eso, El Anillo de la Tierra ha viajado a lugares tan lejanos como las aguas de Vashj''ir y los dominios de Infralar con la esperanza de prevenir y reparar los da&#241;os m&#225;s graves provocados por Alamuerte y sus seguidores. El objetivo actual del Anillo, evitar la destrucci&#243;n total de Azeroth, parece algo imposible de abarcar; pero aglutina a seguidores de todas las razas, clases y facciones.</p><p>Aquellos que ayuden al Anillo de la Tierra se ver&#225;n recompensados con objetos que reflejan la sabidur&#237;a y el poder primario de los elementos. </p>', -1, 'Muln Furiatierra', 'Proveedor Arok', 'Vashj&#39;ir', 48084, 50324, 3);
INSERT INTO `wow_factions` VALUES ('guardians-of-hyjal', 1158, 'Guardianes de Hyjal', 'Enfrentados a la inminente devastaci&#243;n del Monte Hyjal, los miembros m&#225;s poderosos del C&#237;rculo Cenarion han unido fuerzas con sus aliados del Vuelo Esmeralda para rechazar el ataque de las hordas de elementales de Ragnaros y del Martillo Crepuscular.', '<p>El inmenso Monte Hyjal ha sido un lugar cada vez m&#225;s protegido desde que en &#233;l tuvo lugar la gran batalla entre Archimonde (un comandante de la demon&#237;aca Legi&#243;n Ardiente) y los defensores de Azeroth. La protecci&#243;n de la monta&#241;a ya no recae en ninguna raza en particular, sino que la tarea es ahora responsabilidad de una alianza entre el C&#237;rculo Cenarion y el Vuelo Verde, a la que se conoce como los Guardianes de Hyjal.</p><p>En tiempos de paz, los guardianes han tra&#237;do a Hyjal su veneraci&#243;n por la tierra y por antiguos semidioses como Cenarius, pero es ahora cuando su presencia se ha convertido en un elemento crucial. Ragnaros, el Se&#241;or del Fuego, y su ej&#233;rcito de esbirros han incendiado el monte con su presencia y no descansar&#225;n hasta que el resto de Hyjal quede reducido a cenizas.</p><p>Aquellos h&#233;roes que se unan a los guardianes para sanar la tierra y expulsar a los elementales invasores y a sus aliados cultores pueden contar con el apoyo del archidruida Malfurion Tempestira y de la drag&#243;n Aspecto verde, Ysera, entre otros. Tambi&#233;n pueden a&#241;adir a su arsenal equipo procedente de la monta&#241;a y del &#193;rbol del Mundo Nordrassil.</p>', -1, 'Malfurion Tempestira', 'Proveedora Nubeblanca', 'Monte Hyjal', 15362, 50314, 3);
INSERT INTO `wow_factions` VALUES ('hellscreams-reach', 1178, 'Mando Grito Infernal', 'El Mando de Grito Infernal es un regimiento de &#233;lite de la Horda compuesto exclusivamente de veteranos. Garrosh los eligi&#243; personalmente y les ha ordenado hacerse con el control de Tol Barad. La derrota no es una opci&#243;n.', '<p>Los selectos miembros del Mando de Grito Infernal, que recibe el nombre del Jefe de Guerra Garrosh Grito Infernal, se encuentran entre los veteranos m&#225;s curtidos de la Horda. Muchos acumulan m&#250;ltiples campa&#241;as y su comportamiento transmite al instante que no toleran la cobard&#237;a ni el cansancio. Puede que la Alianza est&#233; oponiendo una resistencia feroz en su objetivo actual, la isla prisi&#243;n de Tol Barad. Puede que sea un lugar lleno de magia realmente poderosa y el hogar de los prisioneros m&#225;s peligrosos de todo Azeroth, pero para la &#233;lite del Mando, no es m&#225;s que una misi&#243;n m&#225;s.</p><p>Aquellos que acudan en ayuda del Mando de Grito Infernal en su asedio de Tol Barad descubrir&#225;n que tienen acceso a la armer&#237;a de sus soldados de &#233;lite y a las poderosas espadas que han manejado numerosos campeones de la Horda a lo largo de su conflictiva historia.</p>', 1, 'Garrosh Grito Infernal', 'Pogg', 'Pen&#237;nsula de Tol Barad', 39605, 48531, 3);
INSERT INTO `wow_factions` VALUES ('ramkahen', 1173, 'Ramkahen', 'El pueblo felino de Ramkahen es descendiente de los Tol&#39;vir, los guardianes de Uldum. Aunque hayan perdido su cuerpo de piedra, proteger los secretos de los titanes sigue siendo parte de su estricta tradici&#243;n.', '<p>Los inquebrantables habitantes de Ramkahen, que tienen forma felina, afirman poseer una historia &#250;nica en todo Azeroth: son descendientes de una antigua raza, los tol''vir de piel de piedra, esculpidos para proteger los oasis y las tumbas de los titanes. Hace mucho tiempo que los Ramkahen perdieron su piel de piedra por culpa de la maldici&#243;n que los dioses antiguos hicieron caer sobre ellos, pero se han mantenido firmes en su sagrada misi&#243;n y se han extendido por Uldum con la esperanza de proteger las antiguas tumbas y c&#225;maras de aquellos a los que les gustar&#237;a profanarlas.</p><p>Con la reaparici&#243;n de Alamuerte en Azeroth, los Ramkahen se han visto enfrentados con sus primos m&#225;s cercanos, los tol''vir de Neferset, que sirven a Alamuerte y a sus aliados a cambio de la promesa de regresar a sus antiguas formas de piedra. Los Ramkahen se aferran a su responsabilidad de defender Uldum, pero si son aniquilados no podr&#225;n hacer nada para defender su tierra ancestral, por lo que se preparan para la guerra.</p><p>Aquellos que apoyen a los Ramkahen en su lucha contra los Neferset pueden obtener abalorios arcanos y ropas creadas a imagen y semejanza de los mismos titanes.</p>', -1, 'Rey Phaoris', 'Herrero Abasi', 'Uldum', 47684, 48617, 3);
INSERT INTO `wow_factions` VALUES ('therazane', 1171, 'Therazane', 'Therazane y sus v&#225;stagos, los Se&#241;ores de piedra dirigen el plano elemental de la tierra, Infralar. Tras ver la devastaci&#243;n que Alamuerte y sus seguidores causaron a su reino, Therazane trata a los for&#225;neos con hostilidad.', '<p>Therazane, tambi&#233;n conocida como la Madre P&#233;trea, es la se&#241;ora elemental de la tierra, un ancestro y una poderosa hom&#243;loga de Ragnaros, Al''Akir y Neptulon. Sin embargo, al contrario que los reinos de Al''Akir y Ragnaros, su dominio, el de la tierra, la roca y las monta&#241;as, la ha colocado en conflicto directo con Alamuerte. El drag&#243;n surgido de las entra&#241;as de Infralar ha llevado al reino rocoso de Therazane al borde de la destrucci&#243;n.</p><p>Aunque Therazane no siente una especial inclinaci&#243;n por los humanos, reconoce el papel que esas razas pueden jugar en la restauraci&#243;n de Infralar y en la expulsi&#243;n del Martillo Crepuscular, que ha invadido su reino para regocijarse en la gloria del antiguo santuario de Alamuerte. </p><p>Los h&#233;roes que busquen la ayuda de la Madre P&#233;trea descubrir&#225;n que su favor puede otorgarles muchas bendiciones, entre las cuales se encuentran poderosas rocas nacidas en la misma Infralar que aumentan la fuerza de la armadura de aquellos que cumplen la voluntad de Therazane.</p>', -1, 'Therazane', 'D&#39;lom el Coleccionista', 'Infralar', 42465, 45408, 3);
INSERT INTO `wow_factions` VALUES ('avengers-of-hyjal', 1204, 'Vengadores de Hyjal', 'Furiosos por los estragos que ha causado el Se&#241;or del Fuego, el C&#237;rculo Cenarion busca su oportunidad luchando contra Ragnaros y adentr&#225;ndose en el coraz&#243;n de las Tierras de Fuego.', '<p>Por primera vez desde la invasi&#243;n de la Legi&#243;n Ardiente durante la Tercera Guerra, el Monte Hyjal y el &#193;rbol del Mundo Nordrassil est&#225;n al borde de la aniquilaci&#243;n. Esta lamentable situaci&#243;n ha hecho que muchos individuos valientes se re&#250;nan en la monta&#241;a sagrada para protegerla de todo da&#241;o. Estos h&#233;roes, de diversos or&#237;genes, se han unido al C&#237;rculo Cenarion y a sus aliados del Vuelo Verde bajo el estandarte de los Guardianes de Hyjal. Como un solo hombre, se han enfrentado a los fieros ej&#233;rcitos elementales de Ragnaros, el Se&#241;or del Fuego, que pretende reducir Nordrassil a cenizas.</p><p>Pero tambi&#233;n se ha formado otro grupo ofensivo, muchos menos interesado en las maniobras de defensa de los Guardianes de Hyjal. Por el contrario, este grupo, los Vengadores de Hyjal, se ha centrado en acabar con la amenaza del Se&#241;or del Fuego de una vez por todas invadiendo su propio reino: las ardientes y mortales Tierras de Fuego. Aunque parezca una medida suicida, los Vengadores insisten en que si no act&#250;an contra Ragnaros mientras haya una oportunidad, puede que no quede un mundo que defender.</p><p>La mayor&#237;a de estos intr&#233;pidos combatientes ya han irrumpido en las Tierras de Fuego y han empezado a montar un campamento permanente. All&#237;, los Vengadores siguen fijando sus objetivos y luchando contra elementales al igual que contra los corruptos druidas de la Llama, traidores que rompieron su compromiso con el mundo natural para servir a Ragnaros.</p><p>Los Vengadores de Hyjal han acumulado varios accesorios inestimables: capas, cinturones, anillos y abalorios, durante su estancia en las Tierras de Fuego. Seguro que estos poderosos objetos les resultan de utilidad a los h&#233;roes de la Horda y de la Alianza que se han unido recientemente a la organizaci&#243;n para luchar contra Ragnaros y sus siervos. La ayuda de estos campeones mortales es crucial para salvar el mundo. Si la t&#225;ctica de los Vengadores falla, los arrasadores elementales de las Tierras de Fuego no tardar&#225;n en dirigir su furia contra Azeroth y reducir el mundo a un p&#225;ramo de magma.</p>', -1, 'Malfurion Tempestira', 'Naresir Furiatormenta', 'Monte Hyjal', 15362, 54401, 3);
INSERT INTO `wow_factions` VALUES ('knights-of-the-ebon-blade', 1098, 'Caballeros de la Espada de &#201;bano', 'Liberados del control del Rey Ex&#225;nime, sus otrora caballeros de la Muerte se han reagrupado contra &#233;l bajo el estandarte del alto se&#241;or Darion Mograine.', '', -1, 'Alto se&#241;or Darion Mograine', 'Duquesa Mynx', 'Corona de Hielo', 29246, 32538, 2);
INSERT INTO `wow_factions` VALUES ('argent-crusade', 1106, 'Cruzada Argenta', 'Liderada por Tirion Vad&#237;n, la Cruzada Argenta a&#250;na la reformada Orden de la Mano de Plata con El Alba Argenta en el ataque final contra las fuerzas del Rey Ex&#225;nime.', '', -1, 'Alto se&#241;or Tirion Vad&#237;n', 'Cruzado veterano Aliocha Segard', 'Corona de Hielo', 35361, 30431, 2);
INSERT INTO `wow_factions` VALUES ('the-wyrmrest-accord', 1091, 'El Acuerdo del Reposo del Drag&#243;n', 'Con el violento levantamiento del Vuelo Azul contra todos los usuarios de magia mortales, los vuelos restantes se han unido bajo el liderazgo del Vuelo Rojo para combatir a sus parientes d&#237;scolos.', '', -1, 'Alexstrasza la Protectora', 'Cielstrasza', 'Cementerio de Dragones', 26917, 32533, 2);
INSERT INTO `wow_factions` VALUES ('the-ashen-verdict', 1156, 'El Veredicto Cin&#233;reo', 'Por un pacto entre Tirion Vad&#237;n y Darion Mograine, la Cruzada Argenta y los Caballeros de la Espada de &#201;bano han dejado a un lado sus diferencias durante el ataque a la Ciudadela de la Corona de Hielo hasta que se acabe con el Rey Ex&#225;nime.', '', -1, 'Alto se&#241;or Tirion Vad&#237;n', 'Alquimista Finklestein', 'Corona de Hielo', 35361, 37687, 2);
INSERT INTO `wow_factions` VALUES ('kirin-tor', 1090, 'Kirin Tor', 'Los magos y archimagos que gobiernan la ciudad de Dalaran. Enfrentados a las crecientes amenazas del Vuelo Azul y la Plaga, ahora han mudado su ciudad al coraz&#243;n de Rasganorte.', '', -1, 'Rhonin', 'Archimago Alvareaux', 'Ciudad de Dalaran', 16128, 32287, 2);
INSERT INTO `wow_factions` VALUES ('the-sons-of-hodir', 1119, 'Los Hijos de Hodir', 'Los gigantes de escarcha de Las Cumbres Tormentosas son una raza b&#233;lica afincada en Dun Niffelem.', '', -1, 'Rey Jokkum', 'Lillehoff', 'Las Cumbres Tormentosas', 30105, 32540, 2);
INSERT INTO `wow_factions` VALUES ('the-kaluak', 1073, 'Los Kalu&#39;ak', 'Los colmillarr son una gente dura, pero pac&#237;fica que basan su sustento en la pesca y la caza de ballenas. &#218;ltimamente sus asentamientos han sufrido unos ataques feroces y dan la bienvenida a cualquier aliado que quiera ayudarles.', '', -1, '', 'Sairuk', 'Cementerio de Dragones', 0, 32763, 2);
INSERT INTO `wow_factions` VALUES ('the-oracles', 1105, 'Los Or&#225;culos', 'Los g&#243;rlocs de la Cuenca de Sholazar son una raza de reptiles que se consideran los guardianes de la tecnolog&#237;a tit&#225;nica restante en la zona (aunque casi no la comprenden). Est&#225;n sumergidos en una creciente guerra territorial con los wolvar.', '', -1, 'Sumo Or&#225;culo Soo-pinst&#225;n', 'Geen', 'Cuenca de Sholazar', 28027, 31910, 2);
INSERT INTO `wow_factions` VALUES ('frenzyheart-tribe', 1104, 'Tribu Coraz&#243;n Fren&#233;tico', 'Expulsados de su tierra por la Plaga, esta feroz tribu de wolvar decidi&#243; instalarse en la Cuenca de Sholazar. Su naturaleza agresiva les ha enemistado con las tribus g&#243;rloc conocidas en conjunto como los Or&#225;culos.', '', -1, 'Alto cham&#225;n Rakjak', 'Tanak', 'Cuenca de Sholazar', 28082, 31911, 2);
INSERT INTO `wow_factions` VALUES ('horde-expedition', 1052, 'Expedici&#243;n de la Horda', 'Fuerzas conjuntas de la Horda en Rasganorte, lideradas por la Ofensiva Grito de Guerra.', '', 1, 'Garrosh Grito Infernal', 'Gara Rompecr&#225;neos', '', 25237, 32565, 2);
INSERT INTO `wow_factions` VALUES ('the-hand-of-vengeance', 1067, 'La Mano de la Venganza', 'Sylvanas Brisaveloz ha encomiado a los Renegados la tarea de vengarse de Arthas en nombre de Entra&#241;as utilizando su mort&#237;fera peste.', '', 1, 'Lady Sylvanas Brisaveloz', '', '', 10181, 0, 2);
INSERT INTO `wow_factions` VALUES ('the-sunreavers', 1124, 'Los Atracasol', 'Tradicionalmente no se admit&#237;a en Dalaran a la Horda, pero han sido admitidos en la ciudad mediante los esfuerzos del archimago Aethas Atracasol. Sus seguidores han retomado su nombre y velan por la sala conocida como Santuario Atracasol.', '', 1, 'Archimago Aethas Atracasol', 'Vasarin Rojoalbor', 'Ciudad de Dalaran', 30116, 34772, 2);
INSERT INTO `wow_factions` VALUES ('the-taunka', 1064, 'Los taunka', 'Este recio pueblo est&#225; emparentado con los tauren y se ha convertido en la cuna de los valiosos exploradores de los ej&#233;rcitos de la Horda a medida que esta avanza.', '', 1, 'Roanauk Bruma de Hielo', '', 'Cementerio de Dragones', 26810, 0, 2);
INSERT INTO `wow_factions` VALUES ('warsong-offensive', 1085, 'Ofensiva Grito de Guerra', 'Garrosh Grito Infernal lidera las principales fuerzas expedicionarias de la Horda a medida que avanzan hacia Rasganorte para enfrentarse a Arthas y a los ej&#233;rcitos de la Plaga.', '', 1, 'Garrosh Grito Infernal', '', '', 25237, 0, 2);
INSERT INTO `wow_factions` VALUES ('alliance-vanguard', 1037, 'Vanguardia de la Alianza', 'Fuerzas conjuntas de la Alianza en Rasganorte, lideradas por la Expedici&#243;n de Denuedo, adem&#225;s de grupos de civiles como la Liga de Expedicionarios.', '', 0, 'Rey Varian Wrynn', 'Oficial de log&#237;stica Brighton', '', 29611, 32773, 2);
INSERT INTO `wow_factions` VALUES ('the-silver-covenant', 1094, 'El Pacto de Plata', 'Un n&#250;cleo de elfos nobles militantes que rechazan la admisi&#243;n de los elfos de sangre en el Kirin Tor. Se han juntado bajo el estandarte de Vereesa Brisaveloz y se han unido a las fuerzas de la Alianza en Rasganorte.', '', 0, 'Vereesa Brisaveloz', 'Hiren Romanza', 'Ciudad de Dalaran', 30115, 34881, 2);
INSERT INTO `wow_factions` VALUES ('valiance-expedition', 1050, 'Expedici&#243;n de Denuedo', 'Los principales ej&#233;rcitos de la Alianza en Rasganorte que hacen frente a la Plaga y que est&#225;n unificados bajo el mando del Rey Varian Wrynn.', '', 0, 'Rey Varian Wrynn', '', 'Tundra Boreal', 29611, 0, 2);
INSERT INTO `wow_factions` VALUES ('explorers-league', 1068, 'Liga de Expedicionarios', 'Esta organizaci&#243;n busca el origen de la raza de los enanos reuniendo artefactos de los titanes. Su investigaci&#243;n m&#225;s reciente les ha llevado hasta varias excavaciones arqueol&#243;gicas en Rasganorte.', '', 0, 'Brann Barbabronce', '', 'Forjaz', 34044, 0, 2);
INSERT INTO `wow_factions` VALUES ('the-frostborn', 1126, 'Los Natoescarcha', 'Esta misteriosa raza de enanos de escarcha tiene su hogar en Las Cumbres Tormentosas. Hace poco han entablado amistad con miembros de la Liga de Expedicionarios y acogido a miembros de la Alianza en sus tierras.', '', 0, 'Yorg Cuoretormenta', '', 'Las Cumbres Tormentosas', 29593, 0, 2);
INSERT INTO `wow_factions` VALUES ('netherwing', 1015, 'Ala Abisal', 'Esta inusual camada de dragones naci&#243; de los huevos del Vuelo Negro de Alamuerte y est&#225; imbuida de energ&#237;as del vac&#237;o puras. Ahora buscan su identidad m&#225;s all&#225; de las sombras de la destructora herencia de su padre.', '', -1, 'Neltharaku', '', 'Valle Sombraluna', 21657, 0, 1);
INSERT INTO `wow_factions` VALUES ('honor-hold', 946, 'Basti&#243;n del Honor', 'Vestigios de los Hijos de Lothar, los primeros veteranos de la Alianza que llegaron a Draenor, se han aferrado firmemente a esta avanzada de Fuego Infernal. Ahora se han unido a los ej&#233;rcitos de Ventormenta y Forjaz.', '', 0, 'Comandante en Jefe Danath Aterratrols', 'Oficial de log&#237;stica Ulrike', 'Pen&#237;nsula del Fuego Infernal', 16819, 17657, 1);
INSERT INTO `wow_factions` VALUES ('the-consortium', 933, 'El Consorcio', 'Bajo el mando del pr&#237;ncipe-nexo Haramad, el Consorcio es un c&#225;rtel de afiliaci&#243;n sin excesivo rigor de contrabandistas et&#233;reos, comerciantes y ladrones que han llegado a Terrallende para beneficiarse de sus riquezas.', '', -1, 'Pr&#237;ncipe-nexo Haramad', 'Karaaz', 'Nagrand', 19674, 20242, 1);
INSERT INTO `wow_factions` VALUES ('the-violet-eye', 967, 'El Ojo Violeta', 'Una secta secreta del Kirin Tor fundada para espiar a Medivh y sus actividades.', '', -1, 'Archimago Cedric', 'Aprendiz Darius', 'Karazhan', 18165, 18255, 1);
INSERT INTO `wow_factions` VALUES ('sporeggar', 970, 'Esporaggar', 'Los esporinos son una raza en su mayor&#237;a pac&#237;fica de hombres champi&#241;&#243;n nativos de Terrallende. Su hogar se encuentra en las ci&#233;nagas del sur de la Marisma de Zangar.', '', -1, 'Msshi&#39;fn', 'Mycah', 'Marisma de Zangar', 17924, 18382, 1);
INSERT INTO `wow_factions` VALUES ('cenarion-expedition', 942, 'Expedici&#243;n Cenarion', 'El C&#237;rculo Cenarion envi&#243; una partida de exploraci&#243;n a Terrallende para estudiar las formas de vida supervivientes. La expedici&#243;n Cenarion ha ganado en tama&#241;o y autonom&#237;a desde la apertura de El Portal Oscuro.', '', -1, 'Ysiel Vientocantor', 'Fedryen Lanza Presta', 'Marisma de Zangar', 17841, 17904, 1);
INSERT INTO `wow_factions` VALUES ('ashtongue-deathsworn', 1012, 'Juramorte Lengua de ceniza', 'La &#233;lite de la tribu de los T&#225;bidos se conoce como los Lengua de ceniza, aliados oficiales de Illidan. Los Juramorte son los tenientes m&#225;s leales de Akama y tienen conocimiento de las misteriosas motivaciones de su l&#237;der.', '', -1, 'Akama', 'Okuno', 'Catacumbas Amani', 21700, 23159, 1);
INSERT INTO `wow_factions` VALUES ('kurenai', 978, 'Kurenai', 'En draenei significa &quot;redimidos.&quot; Estos T&#225;bidos han escapado de la esclavitud en Terrallende y han hecho de Nagrand su hogar. Ah&#237; esperan redescubrir su destino.', '', 0, 'Arechron', 'Comerciante Narasu', 'Nagrand', 18183, 20240, 1);
INSERT INTO `wow_factions` VALUES ('the-scale-of-the-sands', 990, 'La Escama de las Arenas', 'Un subgrupo secreto del Vuelo Bronce, bajo el mando de Soridormi, primer oficial de Nozdormu.', '', -1, 'Soridormi', 'Indormi', 'Cavernas del Tiempo', 19935, 23437, 1);
INSERT INTO `wow_factions` VALUES ('the-maghar', 941, 'Los Mag&#39;har', 'Este grupo de hura&#241;os orcos de piel marr&#243;n ha escapado de la corrupci&#243;n demon&#237;aca. Ha mantenido su forma de vida tradicional a pesar de los grandes cambios en Terrallende.', '', 1, 'Abuela Geyah', 'Proveedora Nasela', 'Nagrand', 18141, 20241, 1);
INSERT INTO `wow_factions` VALUES ('ogrila', 1038, 'Ogri&#39;la', 'Los iluminados habitantes de Ogri&#39;la han creado su hogar en las Monta&#241;as Filospada occidentales. La proximidad a los cristales de &#225;pices ha hecho que trascienda su bruta naturaleza de ogros.', '', -1, '', 'Jho&#39;nass', 'Monta&#241;as Filospada', 0, 23428, 1);
INSERT INTO `wow_factions` VALUES ('thrallmar', 947, 'Thrallmar', 'La expedici&#243;n que Thrall enviara a trav&#233;s del Portal Oscuro ha construido un fuerte en la Pen&#237;nsula del Fuego Infernal. Thrallmar sirve de base de operaciones para muchas de las actividades de la Horda en Terrallende.', '', 1, 'Nazgrel', 'Intendente Urgronn', 'Pen&#237;nsula del Fuego Infernal', 3230, 17585, 1);
INSERT INTO `wow_factions` VALUES ('tranquillien', 922, 'Tranquillien', 'En sus tiempos una ciudad de elfos nobles, Tranquillien qued&#243; abandonada despu&#233;s de que la Plaga invadiera Quel&#39;Thalas. Ahora ha sido reclamada por los Renegados y los elfos de sangre, quienes intentan eliminar a la Plaga de las Tierras Fantasma.', '', 1, 'Sumo ejecutor Mavren', 'Proveedor Vredigar', 'Tierras Fantasma', 16252, 16528, 1);
INSERT INTO `wow_factions` VALUES ('keepers-of-time', 989, 'Vigilantes del Tiempo', 'Los Vigilantes del Tiempo son dragones de bronce elegidos personalmente por Nozdormu para vigilar las Cavernas del Tiempo.', '', -1, 'Andormu', 'Alurmi', 'Cavernas del Tiempo', 20130, 21643, 1);
INSERT INTO `wow_factions` VALUES ('lower-city', 1011, 'Bajo Arrabal', 'Los refugiados de Shattrath proceden de diferentes razas y contextos. Los relatos de buenas acciones se extienden r&#225;pidamente entre los habitantes del Bajo Arrabal.', '', -1, '', 'Nakodu', 'Ciudad de Shattrath', 0, 21655, 1);
INSERT INTO `wow_factions` VALUES ('shatari-skyguard', 1031, 'Guardia del cielo Sha&#39;tari', 'Fuerza militar a&#233;rea creada en la Ciudad de Shattrath para hacer frente a la amenaza que se cierne sobre el cielo de Terrallende.', '', -1, '', 'Grella', 'Bosque de Terokkar', 0, 23367, 1);
INSERT INTO `wow_factions` VALUES ('the-aldor', 932, 'Los Aldor', 'Es una antigua orden de sacerdotes draenei dirigida anta&#241;o por Velen. Los Aldor est&#225;n actualmente bajo el mando de la suma sacerdotisa Ishanah. Son sirvientes de los naaru de la Ciudad de Shattrath, conocidos como los Sha&#39;tar. Son rivales de los Ar&#250;spices.', '', -1, 'Ishanah', 'Intendente Endarin', 'Ciudad de Shattrath', 18538, 19321, 1);
INSERT INTO `wow_factions` VALUES ('the-scryers', 934, 'Los Ar&#250;spices', 'Voren&#39;thal el Vidente lidera a los elfos de sangre disidentes que han rechazado el camino hacia el poder de Kael&#39;thas. Se han unido a los naaru de Ciudad de Shattrath para consternaci&#243;n de los Aldor.', '', -1, 'Voren&#39;thal el Vidente', 'Intendente Enuril', 'Ciudad de Shattrath', 18530, 19331, 1);
INSERT INTO `wow_factions` VALUES ('the-shatar', 935, 'Los Sha&#39;tar', 'Los Sha&#39;tar son un grupo de poderosos naaru que gobiernan la reconstruida Ciudad de Shattrath. Con el apoyo de los Aldor y los Ar&#250;spices lideran la batalla contra Illidan y la Legi&#243;n Ardiente.', '', -1, 'A&#39;dal', 'Almaador', 'Ciudad de Shattrath', 18481, 21432, 1);
INSERT INTO `wow_factions` VALUES ('shattered-sun-offensive', 1077, 'Ofensiva Sol Devastado', 'El &#250;ltimo intento de la Ciudad de Shattrath contra las operaciones del pr&#237;ncipe Kael&#39;thas en La Fuente del Sol.', '', -1, '', 'Eldara Correalba', 'Isla de Quel&#39;Danas', 0, 25032, 1);
INSERT INTO `wow_factions` VALUES ('timbermaw-hold', 576, 'Basti&#243;n Fauces de Madera', 'Como la &#250;ltima tribu f&#250;rbolg sin corromper, los Fauces de Madera persiguen preservar sus tradiciones espirituales y acabar con el sufrimiento de sus cong&#233;neres.', '', -1, '', 'Meilosh', 'Basti&#243;n Fauces de Madera', 0, 11557, 0);
INSERT INTO `wow_factions` VALUES ('bloodsail-buccaneers', 87, 'Bucaneros Velasangre', 'Estos sanguinarios corsarios son la pesadilla de muchos mercaderes en alta mar. Enemigos ac&#233;rrimos de Bah&#237;a del Bot&#237;n.', '', -1, 'Maestro de flota Firallon', '', '', 2546, 0, 0);
INSERT INTO `wow_factions` VALUES ('gelkis-clan-centaur', 92, 'Centauros del clan Gelkis', 'Estos centauros han establecido su hogar en la regi&#243;n sur de Desolace. Son enemigos mortales de los centauros Magram.', '', -1, 'Khan Shodo', '', 'Desolace', 36487, 0, 0);
INSERT INTO `wow_factions` VALUES ('magram-clan-centaur', 93, 'Centauros del clan Magram', 'Estos centauros han establecido su hogar en la regi&#243;n oriental de Desolace. Son enemigos mortales de los centauros Gelkis.', '', -1, 'Khan Kammah', '', 'Desolace', 36163, 0, 0);
INSERT INTO `wow_factions` VALUES ('cenarion-circle', 609, 'C&#237;rculo Cenarion', 'Los druidas del C&#237;rculo Cenarion son guardianes de la Naturaleza y conviven en el calmo Claro de la Luna.', '', -1, 'Malfurion Tempestira', 'Aendel Lanzavento', 'Claro de la Luna', 15362, 15293, 0);
INSERT INTO `wow_factions` VALUES ('argent-dawn', 529, 'El Alba Argenta', 'Una organizaci&#243;n centrada en proteger Azeroth de la amenaza de la Plaga. Las fortalezas de El Alba Argenta se encuentran en las Tierras de la Peste del Este y del Oeste.', '', -1, 'Lord Maxwell Ne&#243;fitus', 'Intendente Miranda Cerrobrecha', '', 11034, 11536, 0);
INSERT INTO `wow_factions` VALUES ('darkmoon-faire', 909, 'Feria de la Luna Negra', 'Es una feria que hace espect&#225;culos con lo extra&#241;o y lo extraordinario. Se encuentra en una isla misteriosa a la que solo se puede acceder la primera semana de cada mes.', '', -1, 'Silas Luna Negra', '', '', 14823, 0, 0);
INSERT INTO `wow_factions` VALUES ('thorium-brotherhood', 59, 'Hermandad del Torio', 'Los enanos de la Hermandad del Torio son la personificaci&#243;n de la excelencia en la artesan&#237;a y est&#225;n decididos a desvelar los secretos de la Monta&#241;a Roca Negra.', '', -1, 'Sobrestante Pu&#241;aceite', 'Lokhtos Tratoscuro', 'La Garganta de Fuego', 14625, 12944, 0);
INSERT INTO `wow_factions` VALUES ('wintersaber-trainers', 589, 'Instructores de sableinvernales', 'Este peque&#241;o grupo de recluidos elfos de la noche cr&#237;a y amaestra sableinvernales en el &#225;rea de Cuna del invierno.', '', 0, 'Rivern Ventog&#233;lido', '', 'Cuna del Invierno', 10618, 0, 0);
INSERT INTO `wow_factions` VALUES ('syndicate', 70, 'La Hermandad', 'Una organizaci&#243;n criminal mayoritariamente humana que opera principalmente en los alrededores de las Monta&#241;as de Alterac y las Laderas de Trabalomas.', '', -1, 'Lord Aliden Perenolde', '', 'Tierras Altas de Arathi', 2423, 0, 0);
INSERT INTO `wow_factions` VALUES ('brood-of-nozdormu', 910, 'Linaje de Nozdormu', 'Los descendientes del Vuelo Bronce son los guardianes del tiempo y poco les importan los mortales.', '', -1, 'Anacronos', '', 'Tanaris', 15192, 0, 0);
INSERT INTO `wow_factions` VALUES ('ravenholdt', 349, 'Ravenholdt', 'La hermandad de ladrones y asesinos solo da la bienvenida a los m&#225;s aguerridos. Son enemigos ac&#233;rrimos de la Hermandad.', '', -1, 'Lord Jorach Ravenholdt', '', 'Monta&#241;as de Alterac', 6768, 0, 0);
INSERT INTO `wow_factions` VALUES ('shendralar', 809, 'Shen&#39;dralar', 'Lo que queda de los anta&#241;o poderosos elfos habitantes de La Masacre, todav&#237;a sabios y cultivados en grandes secretos.', '', -1, 'Pr&#237;ncipe Tortheldrin', '', 'La Masacre', 11486, 0, 0);
INSERT INTO `wow_factions` VALUES ('hydraxian-waterlords', 749, 'Srs. del Agua de Hydraxis', 'Estos elementales han construido su hogar en las islas al este de Azshara. Son enemigos ac&#233;rrimos de los ej&#233;rcitos de Ragnaros.', '', -1, 'Duque Hydraxis', '', 'Azshara', 13278, 0, 0);
INSERT INTO `wow_factions` VALUES ('zandalar-tribe', 270, 'Tribu Zandalar', 'Estos trols han acudido a la isla de Yojamba en un esfuerzo por conseguir aliados contra el resurrecto Dios Sangriento y sus sacerdotes Atal&#39;ai en Zul&#39;Gurub.', '', -1, '', 'Rin&#39;wosho el Comerciante', 'Vega de Tuercespina', 0, 14921, 0);
INSERT INTO `wow_factions` VALUES ('darnassus', 69, 'Darnassus', 'Esta capital de la Alianza est&#225; habitada por los elfos de la noche y se encuentra en la isla de Teldrassil. Est&#225; gobernada por la Sacerdotisa de la Luna, Tyrande Susurravientos.', '<p>En lo alto de las ramas del gran &#225;rbol Teldrassil yace la maravillosa ciudad de Darnassus, el nuevo refugio de los esquivos elfos de la noche. Druidas, cazadores y guerreros por igual han construido sus hogares entre las filas de caba&#241;as de madera y bosquecillos cuidados con delicadeza. El Templo de la Luna se alza como un reluciente faro entre los &#225;rboles, flanqueado por las Salas de la Justicia y su columnata, donde los vigilantes centinelas se re&#250;nen para proteger la tierra. Gobernada por la suma sacerdotisa Tyrande Susurravientos, Darnassus permanece como un testamento sereno de todo lo que es sagrado para los elfos de la noche. Como ciudad que est&#225; en sinton&#237;a con la energ&#237;a y el curso de la naturaleza, Darnassus se construy&#243; en torno a un gran lago, con elegantes puentes que cruzan sus cristalinas aguas. Por todas partes, las hojas que caen de los &#225;rboles del bosque alfombran los agradables senderos de la ciudad.</p><p>Aquellos que se granjeen la estima de Darnassus tambi&#233;n obtendr&#225;n el derecho a viajar en la montura tradicional de los elfos de la noche: los feroces y fieles felinos sables de la noche.</p>', 0, 'Tyrande Susurravientos', 'Sacerdotisa Lunar Lasara', 'Darnassus', 7999, 50305, 0);
INSERT INTO `wow_factions` VALUES ('exodar', 930, 'El Exodar', 'La nave naaru que trajo a los draenei a Azeroth. A pesar de estar varada en las Islas Bruma Azur, sirve de hogar a esta noble raza.', '<p>La gigantesca nave dimensional conocida como El Exodar es el hogar de los draenei de Azeroth, como resultado de un esfuerzo por recuperarla despu&#233;s de que se estrellara en las orillas de las Islas Bruma Azur. Tras hacerse con la nave en una apresurada huida de la fortaleza modular de naves dimensionales conocida como El Castillo de la Tempestad, El Exodar apareci&#243; una noche aciaga en los cielos de Azeroth, desde donde se precipit&#243; hacia las islas. Ahora, los nobles draenei han establecido su nueva base de operaciones en los restos de su nave con aspecto de fortaleza.</p><p>Aquellos que ayuden a los draenei a establecerse en Azeroth conseguir&#225;n permiso para montar sus poderosos elekks.</p>', 0, 'Profeta Velen', 'Kadu', 'Isla Bruma Azur', 17468, 50306, 0);
INSERT INTO `wow_factions` VALUES ('ironforge', 47, 'Forjaz', 'Esta capital de la Alianza es el orgullo de los enanos de Dun Morogh y hogar del Rey Magni.', '<p>Mientras muchas fortalezas enanas cayeron en la Segunda Guerra, la poderosa ciudad de Forjaz, enclavada en los nevados picos de Dun Morogh, nunca sufri&#243; una derrota a manos de la Horda. Forjaz, todo un monumento a la habilidad de los enanos a la hora de dar forma a la piedra y a la roca, se construy&#243; en el coraz&#243;n de la monta&#241;a: es una extensa ciudad subterr&#225;nea habitada por artesanos, exploradores, mineros y guerreros. Aunque la Alianza se enfrenta a nuevos retos cada d&#237;a, los enanos de Forjaz, guiados por el Consejo de los Tres Martillos, esperan poder forjar un nuevo futuro para el mundo.</p><p>Tradicionalmente, los enanos han recorrido los caminos de Azeroth a lomos de carneros de guerra y est&#225;n dispuestos a compartir las riendas de estas criaturas con aquellos h&#233;roes que consigan crearse una buena reputaci&#243;n en Forjaz.</p>', 0, 'Muradin Barbabronce', 'Capit&#225;n Yelmorroca', 'Forjaz', 42928, 50309, 0);
INSERT INTO `wow_factions` VALUES ('gilneas', 1134, 'Gilneas', 'El pueblo de Gilneas es una naci&#243;n de supervivientes. Tras exiliarse del resto de la humanidad, ahora deben enfrentarse a las nuevas amenazas de su interior.', '<p>Tras la ca&#237;da de La Muralla de Cringris, que hab&#237;a mantenido a la naci&#243;n de Gilneas aislada del resto de Azeroth, la mayor&#237;a de los supervivientes se establecieron en otros lugares de Azeroth gracias a la lealtad y a la ayuda que les brindaron los elfos de la noche de la Alianza. La maldici&#243;n huargen sigue asolando a los refugiados gilneanos, pero a pesar de que se ven obligados a transformarse en bestias, su historia y orgullo comunes impidieron que su asediada naci&#243;n se colapsara por completo. Ahora, los gilneanos viven en Darnassus, Frondavil y el Bosque del Ocaso entre otros lugares; y el rey, Genn Cringris, permanece al lado del l&#237;der de Ventormenta, Varian Wrynn.</p><p>Aquellos que se ganan la confianza de los orgullosos gilneanos pueden conseguir algunos de los refinados objetos por los que se conoce a esta naci&#243;n: capas, tabardos, bolsas y m&#225;s.</p>', 0, 'Rey Genn Cringris', 'Lord Candren', 'Gilneas', 50893, 50307, 0);
INSERT INTO `wow_factions` VALUES ('gnomeregan', 54, 'Gnomeregan', 'Los antiguos habitantes de Gnomeregan viven ahora en Nueva Ciudad Manitas y est&#225;n asociados con la Alianza.', '<p>Despu&#233;s de que los troggs arrasaran su hogar y una radiaci&#243;n t&#243;xica se extendiera por los t&#250;neles, los habitantes de Gnomeregan huyeron y encontraron refugio entre los enanos de Forjaz. Hoy en d&#237;a, los gnomos han regresado para reclamar su antigua capital y han empezado por hacerse con una franja de tierra de Dun Morogh a las puertas de Gnomeregan, a la que han llamado Nueva Ciudad Manitas. Contin&#250;an conservando su predilecci&#243;n racial por la tecnolog&#237;a, aunque sus considerables talentos se concentran ahora en los esfuerzos por recuperar la ciudad que perdieron en su d&#237;a.</p><p>Los h&#233;roes que sean capaces de ganarse la estima de los hijos e hijas de Gnomeregan podr&#225;n hacerse con el mecazancudo, uno de los inventos m&#225;s ingeniosos de los gnomos que podr&#225;n utilizar como montura.</p>', 0, 'Manitas Mayor Mekkatorque', 'Rillie Ejeloco', 'Gnomeregan', 7937, 33650, 0);
INSERT INTO `wow_factions` VALUES ('stormwind', 72, 'Ventormenta', 'Esta capital de la Alianza, uno de los &#250;ltimos baluartes del poder humano, est&#225; gobernada por el rey pr&#243;digo Varian Wrynn.', '<p>La ciudad de Ventormenta representa el &#250;ltimo basti&#243;n del poder de los humanos en Azeroth. Reconstruida tras la Segunda Guerra, Ventormenta es una maravilla del dise&#241;o e ingenier&#237;a humanos. La guardia de Ventormenta mantiene la paz dentro de las murallas de la ciudad mientras que el rey Varian Wrynn, que ya ha regresado, gobierna desde la poderosa fortaleza. El Distrito de Mercaderes bulle de comercio de todo el continente y m&#225;s all&#225;, y se pueden encontrar guerreros de todo tipo paseando por las calles del Casco Antiguo. A pesar de no verse amenazada por los estragos de la Plaga como sucede en el norte, Ventormenta debe enfrentarse a sus propias amenazas, tanto externas como internas.</p><p>Aquellos h&#233;roes cuyo valor sea reconocido en Ventormenta pueden recurrir a los afamados caballos de la ciudad para convertirlos en sus leales corceles.</p>', 0, 'Rey Varian Wrynn', 'Capitana Lancy Revshon', 'Ciudad de Ventormenta', 29611, 49877, 0);
INSERT INTO `wow_factions` VALUES ('booty-bay', 21, 'Bah&#237;a del Bot&#237;n', 'Esta ciudad costera en auge est&#225; dirigida por el Bar&#243;n Revilgaz, de los Asaltantes Aguasnegras. Son enemigos mortales de los Bucaneros Velasangre y forman parte del C&#225;rtel Bonvapor.', '', -1, 'Bar&#243;n Revilgaz', '', 'Vega de Tuercespina', 2496, 0, 0);
INSERT INTO `wow_factions` VALUES ('gadgetzan', 369, 'Gadgetzan', 'Capital del C&#225;rtel Bonvapor y hogar de los mejores ingenieros, alquimistas y mercaderes goblin.', '', -1, 'Marin Tragonublo', '', 'Tanaris', 40763, 0, 0);
INSERT INTO `wow_factions` VALUES ('ratchet', 470, 'Trinquete', 'Parte del C&#225;rtel Bonvapor, esta ciudad goblin constituye un santuario neutral para los que desean realizar intercambios comerciales y de servicios en los Bald&#237;os.', '', -1, 'Gazlowe', '', 'Los Bald&#237;os del Norte', 3391, 0, 0);
INSERT INTO `wow_factions` VALUES ('everlook', 577, 'Vista Eterna', 'Este enclave comercial, regentado por los goblins del C&#225;rtel Bonvapor, se sit&#250;a en el cruce de las principales rutas comerciales de Cuna del Invierno.', '', -1, '', '', 'Cuna del Invierno', 0, 0, 0);
INSERT INTO `wow_factions` VALUES ('silverwing-sentinels', 890, 'Centinelas Ala de Plata', 'Incondicionales defensores de Vallefresno, est&#225;n en constante batalla contra los Escoltas Grito de Guerra en la Garganta Grito de Guerra.', '', 0, 'Su&#39;ura Flechapresta', 'Illiyana Lunardiente', 'Vallefresno', 19908, 14753, 0);
INSERT INTO `wow_factions` VALUES ('stormpike-guard', 730, 'Guardia Pico Tormenta', 'Los enanos Pico Tormenta se han asentado en el Valle de Alterac, enzarz&#225;ndose en batalla con los orcos Lobo G&#233;lido.', '', 0, 'Vanndar Pico Tormenta', 'Gaelden Martillero', 'Valle de Alterac', 11948, 13216, 0);
INSERT INTO `wow_factions` VALUES ('the-league-of-arathor', 509, 'Liga de Arathor', 'La Liga de Arathor persigue reclamar las tierras perdidas de Arathi para sus benefactores en Ventormenta.', '', 0, 'Radulf Leder', 'Samuel Halc&#243;n', 'Tierras Altas de Arathi', 30231, 15127, 0);
INSERT INTO `wow_factions` VALUES ('frostwolf-clan', 729, 'Clan Lobo G&#233;lido', 'El clan Lobo G&#233;lido busca expulsar a los enanos de la Expedici&#243;n Pico Tormenta del Valle de Alterac.', '', 1, 'Drek&#39;Thar', 'Grunnda Coraz&#243;n de Lobo', 'Valle de Alterac', 11946, 13218, 0);
INSERT INTO `wow_factions` VALUES ('warsong-outriders', 889, 'Escoltas Grito de Guerra', 'Valientes orcos del clan Grito de Guerra en batalla constante contra los Centinelas Ala de Plata en la Garganta Grito de Guerra.', '', 1, 'Garrosh Grito Infernal', 'Kelm Hargunth', 'Garganta Grito de Guerra', 39605, 14754, 0);
INSERT INTO `wow_factions` VALUES ('the-defilers', 510, 'Los Rapi&#241;adores', 'Los Rapi&#241;adores buscan hacerse con el control de los valiosos recursos de Arathi para el beneficio de la Horda.', '', 1, 'La Novia Negra', 'Rutherford Twing', 'Tierras Altas de Arathi', 19905, 15126, 0);
INSERT INTO `wow_factions` VALUES ('thunder-bluff', 81, 'Cima del Trueno', 'Baine Pezu&#241;a de Sangre dirige a su pueblo, los orgullosos tauren, desde esta poderosa capital de la Horda.', '<p>La gran ciudad de Cima del Trueno yace en lo alto de una serie de mesetas con vistas a las verdes praderas de Mulgore. Los tauren, antiguamente una raza n&#243;mada, fundaron la ciudad como centro de caravanas de comercio, artesanos viajeros y trabajadores de todo tipo. La orgullosa ciudad tambi&#233;n sirve como refugio a los valientes cazadores que acechan a las peligrosas presas de las llanuras de Mulgore y sus alrededores. Largos puentes colgantes de cuerda y madera cruzan las simas que se abren entre las mesetas salpicadas de tiendas, casas comunales, t&#243;tems coloridos y refugios para los esp&#237;ritus. El poderoso jefe Baine Pezu&#241;a de Sangre cuida de la bulliciosa ciudad, asegurando la paz y la seguridad para todas las tribus tauren.</p><p>Aquellos miembros de la Horda que se ganen la confianza y el apoyo de Cima del Trueno podr&#225;n montar sus kodos domesticados para ir a la batalla.</p>', 1, 'Baine Pezu&#241;a de Sangre', 'Valiente Tuho', 'Cima del Trueno', 42688, 50483, 0);
INSERT INTO `wow_factions` VALUES ('silvermoon-city', 911, 'Ciudad de Lunargenta', 'La capital de Quel&#39;Thalas, hogar de los elfos de sangre. Aunque casi fuera destruida por el ataque de Arthas sobre La Fuente del Sol, Lunargenta vuelve a ser una ciudad pr&#243;spera.', '<p>La joya de la corona de los elfos de sangre es su capital, la Ciudad de Lunargenta, situada en el Bosque Canci&#243;n Eterna en las ancestrales tierras de Quel''Thalas. La belleza de las agujas y calles de Lunargenta contrasta de forma radical con La Cicatriz Muerta, el sendero corrupto que Arthas abri&#243; a trav&#233;s de la ciudad en su b&#250;squeda de poder. Tras sufrir la destrucci&#243;n casi absoluta a ra&#237;z del ataque de Arthas a la Fuente del Sol, Lunargenta ha renacido como una animada ciudad. Sin embargo, la permanente devastaci&#243;n de su capital sirve como un tenebroso recuerdo del futuro incierto que aguarda a los elfos de sangre.</p><p>Cualquiera que consiga demostrar su val&#237;a a los elfos de sangre de Lunargenta podr&#225; montar sus halcones zancudos entrenados.</p>', 1, 'Lor&#39;themar Theron', 'Magistrix Nizara', 'Ciudad de Lunargenta', 16802, 50484, 0);
INSERT INTO `wow_factions` VALUES ('bilgewater-cartel', 1133, 'C&#225;rtel Pantoque', 'Dirigido por el pr&#237;ncipe mercante Gallywix, el C&#225;rtel Pantoque es la compa&#241;&#237;a comercial m&#225;s poderora de la Isla de Kezan. Desde los cuarteles en el Puerto Pantoque, el c&#225;rtel domina el mercado de los Mares del Sur.', '<p>En general, los c&#225;rteles goblins de Azeroth prefieren permanecer como especuladores neutrales en los conflictos que asolan los reinos de otras razas, y proporcionan ayuda y equipo a m&#250;ltiples bandos para embolsarse todo el dinero que puedan, involucr&#225;ndose lo m&#237;nimo posible. El C&#225;rtel Pantoque es diferente. Sus miembros ans&#237;an comprometerse y as&#237;, cuando surgi&#243; la oportunidad de unirse a la Horda, se apresuraron a ofrecer su ayuda. O, por lo menos, eso es lo que cuenta su Pr&#237;ncipe mercante. Sin embargo, abundan los rumores de que Gallywix se vio obligado a unirse a la Horda despu&#233;s de que lo derrotara el antiguo Jefe de Guerra Thrall.</p><p>El hogar del c&#225;rtel fue, en otra &#233;poca, Puerto Pantoque, en la Isla de Kezan; pero ahora la inmensa mayor&#237;a de sus operaciones se concentran en los suburbios de Orgrimmar y en Muelle Pantoque en Azshara.</p><p>Aquellos que tengan buenas relaciones con el c&#225;rtel pueden comprar y aprender a montar maravillosos triciclos de alta velocidad.</p>', 1, 'Pr&#237;ncipe mercante Gallywix', 'Frizzo Villamar', 'Puerto Pantoque', 39582, 50323, 0);
INSERT INTO `wow_factions` VALUES ('undercity', 68, 'Entra&#241;as', 'Liderados por Sylvanas Brisaveloz, los Renegados han forjado una delicada alianza con la Horda y han asentado su capital en las vastas profundidades bajo las Ruinas de Lordaeron.', '<p>En las profundidades que hay bajo las ruinas de la capital de Lordaeron, las criptas reales se han convertido en el basti&#243;n del mal y la no-muerte. En origen, el pr&#237;ncipe Arthas ten&#237;a la intenci&#243;n de convertir el lugar en la sede del poder de la Plaga, pero lo que luego se convertir&#237;a en "Entra&#241;as" fue abandonado cuando Arthas tuvo que acudir a la llamada del Rey Ex&#225;nime en Rasganorte. En ausencia de Arthas, la Dama Oscura, Sylvanas Brisaveloz, lider&#243; la rebeli&#243;n de los Renegados y tom&#243; Entra&#241;as para s&#237;. Desde que situaron all&#237; su residencia, los Renegados han trabajado duro para completar la construcci&#243;n de Entra&#241;as dragando el enrevesado laberinto de catacumbas, tumbas y mazmorras que comenz&#243; Arthas.</p><p>Los aventureros que consiguen tener una influencia significativa en Entra&#241;as reciben permiso para montar los infatigables caballos esquel&#233;ticos que utilizan los Renegados.</p>', 1, 'Lady Sylvanas Brisaveloz', 'Capit&#225;n Donald Adams', 'Entra&#241;as', 10181, 50304, 0);
INSERT INTO `wow_factions` VALUES ('orgrimmar', 76, 'Orgrimmar', 'Fundada por Thrall, esta capital de la Horda es el hogar de muchos de los orgullosos clanes orcos de Durotar.', '<p>Bautizada en honor al legendario Orgrim Martillo Maldito, Orgrimmar fue fundada para ser la capital del nuevo hogar de los orcos. Construida en el interior de un enorme y sinuoso ca&#241;&#243;n en las tierras &#225;ridas de Durotar, Orgrimmar destaca por ser una de las ciudades guerreras m&#225;s poderosas del mundo. Tras las inmensas murallas de Orgrimmar, los chamanes ancianos comparten pacientemente su sabidur&#237;a con las nuevas generaciones de l&#237;deres de la Horda; mientras, los guerreros luchan como gladiadores en la arena, perfeccionando sus habilidades con vistas a los retos que los aguardan en esta tierra peligrosa.</p><p>Los orcos de Orgrimmar recompensan a los miembros honorables de la Horda d&#225;ndoles acceso a sus lobos de montar.</p>', 1, 'Garrosh Grito Infernal', 'Guardia de piedra Nargol', 'Orgrimmar', 39605, 50488, 0);
INSERT INTO `wow_factions` VALUES ('darkspear-trolls', 530, 'Trols Lanza Negra', 'Esta tribu de trols exiliados ha unido fuerzas con Thrall y la Horda. Ahora conviven con los orcos en las tierras de Durotar.', '<p>Los exiliados trols Lanza Negra se unieron a la Horda despu&#233;s de que Thrall, el Jefe de Guerra por aquel entonces, rescatara a la tribu de las garras de Zar''jira, la Bruja del Mar de la Isla Lanza Negra. Aunque han compartido Orgrimmar con los orcos durante muchos a&#241;os, recientemente los Lanza Negra acaban de recuperar sus tierras invadidas por las fuerzas del m&#233;dico brujo Zalazane y muchos han regresado a esas frondosas islas.</p><p>Se pueden encontrar trols Lanza Negra sobre todo en las Islas del Eco, en el Poblado Sen''jin y en Orgrimmar. Tambi&#233;n se ocupan de varias avanzadas y ciudades afiliadas a la Horda repartidas por todo Azeroth y Terrallende.</p><p>Los Lanza Negra ofrecen instrucci&#243;n para montar sus r&#225;pidos y firmes raptores de la jungla a todos aquellos que se al&#237;en con ellos de forma convincente.</p>', 1, 'Vol&#39;jin', 'Campe&#243;n Uru&#39;zin', 'Orgrimmar', 10540, 50477, 0);

DROP TABLE IF EXISTS `wow_profession_bonuses`;
CREATE TABLE `wow_profession_bonuses` (
  `id` int(11) NOT NULL AUTO_INCREMENT,
  `profession_id` int(11) NOT NULL,
  `icon` varchar(255) NOT NULL,
  `name_es` text NOT NULL,
  `desc_es` text NOT NULL,
  PRIMARY KEY (`id`)
) ENGINE=MyISAM AUTO_INCREMENT=70 DEFAULT CHARSET=utf8 AUTO_INCREMENT=70 ;

INSERT INTO `wow_profession_bonuses` VALUES (1, 171, 'inv_misc_orb_01', 'Piedras filosofales', 'Objetos que solo pueden ser utilizados por los alquimistas que los han creado.');
INSERT INTO `wow_profession_bonuses` VALUES (2, 171, 'inv_potion_49', 'Pociones', 'Objetos que sanan o restauran recursos como man&#225; o energ&#237;a. Algunas pociones poseen beneficios &#250;nicos y solo pueden consurmirlas con total seguridad quienes est&#233;n familiarizados con los principios de la alquimia.');
INSERT INTO `wow_profession_bonuses` VALUES (3, 171, 'inv_potion_61', 'Elixires y frascos ', 'Objetos que otorgan beneficios durante un tiempo determinado, como aumentar armadura o agilidad, o que incluso pueden persistir m&#225;s all&#225; de la muerte.');
INSERT INTO `wow_profession_bonuses` VALUES (4, 171, 'inv_potion_20', 'Aceites', 'Objetos que infligen da&#241;o o aumentan la efectividad de las armas.');
INSERT INTO `wow_profession_bonuses` VALUES (5, 171, 'inv_misc_cauldron_nature', 'Calderas', 'Objetos que proporcionan un gran n&#250;mero de pociones para bandas.');
INSERT INTO `wow_profession_bonuses` VALUES (6, 171, 'inv_elemental_eternal_life', 'Transmutaciones', 'Puedes transformar metales y minerales poco comunes en otras sustancias, que servir&#225;n para realizar recetas complejas e incluso para crear componentes dif&#237;ciles de encontrar, y que luego se pueden vender a otros jugadores.');
INSERT INTO `wow_profession_bonuses` VALUES (13, 393, 'inv_misc_leatherscrap_03', 'Componentes', 'Cuero, pellejos y escamas son necesarios para diversas profesiones, sobre todo para peleter&#237;a.');
INSERT INTO `wow_profession_bonuses` VALUES (14, 393, 'inv_misc_bag_17', 'Ventas', 'Ya que los pellejos son un bien preciado entre los artesanos, se pueden vender o utilizar para comerciar con otros jugadores.');
INSERT INTO `wow_profession_bonuses` VALUES (15, 393, 'inv_misc_organ_01', 'Maestro en anatom&#237;a', 'Los desolladores curtidos obtienen la facultad Maestro en anatom&#237;a , que aumenta la probabilidad de conseguir un golpe cr&#237;tico.');
INSERT INTO `wow_profession_bonuses` VALUES (16, 333, 'spell_holy_greaterheal', 'Encantamiento de anillos', 'Incrementan significativamente el poder de los anillos. Estos poderosos encantamientos son exclusivos para el encantador que los invoca.');
INSERT INTO `wow_profession_bonuses` VALUES (17, 333, 'inv_enchant_disenchant', 'Desencantar ', 'Reduce cualquier objeto m&#225;gico a sus componentes b&#225;sicos, que luego sirven para encantar (o vender).');
INSERT INTO `wow_profession_bonuses` VALUES (18, 333, 'inv_sword_40', 'Encantamientos de armas', 'Mejora armas para que inflijan m&#225;s da&#241;o o a&#241;adan bonus a los atributos.');
INSERT INTO `wow_profession_bonuses` VALUES (19, 333, 'inv_chest_plate16', 'Encantamientos de armaduras', 'Mejora todo tipo de armaduras para aumentar el poder defensivo o a&#241;adir resistencias especiales.');
INSERT INTO `wow_profession_bonuses` VALUES (20, 333, 'inv_potion_20', 'Aceites', 'Objetos consumibles que pueden mejorar armas de forma temporal para aumentar la salud, el man&#225; o el da&#241;o con hechizos.');
INSERT INTO `wow_profession_bonuses` VALUES (21, 333, 'inv_staff_02', 'Varitas y abalorios', 'Crea varitas Arcanas que pueden utilizar los taumaturgos, o abalorios especiales &#250;tiles para todo el mundo.');
INSERT INTO `wow_profession_bonuses` VALUES (22, 182, 'inv_misc_herb_03', 'Componentes ', 'Las hierbas son materiales necesarios para una gran variedad de profesiones, especialmente alquimia  e inscripci&#243;n.');
INSERT INTO `wow_profession_bonuses` VALUES (23, 182, 'inv_misc_bag_17', 'Ventas ', 'Ya que las hierbas resultan &#250;tiles para varias profesiones, se pueden vender a otros jugadores o se puede comerciar con ellas.');
INSERT INTO `wow_profession_bonuses` VALUES (24, 182, 'spell_nature_wispsplodegreen', 'Sangre de vida', 'Los herboristas m&#225;s veteranos pueden utilizar la facultad de sanaci&#243;n Sangre de vida.');
INSERT INTO `wow_profession_bonuses` VALUES (25, 164, 'inv_chest_plate16', 'Armas y armaduras', 'Armaduras de malla y placas, escudos y otros objetos para la protecci&#243;n del cuerpo; espadas, dagas, hachas y otros &#250;tiles para matar. Los herreros pueden fabricar un equipo hecho a su medida y que solo podr&#225;n utilizar ellos mismos.');
INSERT INTO `wow_profession_bonuses` VALUES (26, 164, 'inv_misc_key_11', 'Llaves', 'Objetos que pueden abrir cofres y cajas cerradas, lo que permite acceder al tesoro que encierran.');
INSERT INTO `wow_profession_bonuses` VALUES (27, 164, 'inv_misc_stonetablet_02', 'Piedras de afilar', 'Objetos que aumentan el da&#241;o infligido por armas de combate cuerpo a cuerpo durante un breve periodo de tiempo.');
INSERT INTO `wow_profession_bonuses` VALUES (28, 164, 'inv_belt_36', 'Ranuras', 'Espacios que permiten mejorar un arma o una armadura de forma permanente por medio de gemas m&#225;gicas.');
INSERT INTO `wow_profession_bonuses` VALUES (29, 202, 'inv_firearm_2h_rifle_cataclysm_b_01', 'Armas', 'Armas de fuego, miras.');
INSERT INTO `wow_profession_bonuses` VALUES (30, 202, 'inv_helmet_47', 'Objetos para la ranura de la cabeza', 'Gafas, mon&#243;culos y otros objetos que proteger&#225;n tu cr&#225;neo y mejorar&#225;n tus atributos. Algunas de estas poderosas piezas solo pueden ser creadas por ingenieros habilidosos.');
INSERT INTO `wow_profession_bonuses` VALUES (31, 202, 'inv_misc_bomb_05', 'Explosivos', 'Bombas, dinamita y otros consumibles explosivos.');
INSERT INTO `wow_profession_bonuses` VALUES (32, 202, 'inv_gizmo_rocketboot_01', 'Transporte', 'M&#225;quinas voladoras, botas cohete y equipamiento de movilidad.');
INSERT INTO `wow_profession_bonuses` VALUES (33, 202, 'spell_magic_polymorphchicken', 'Mascotas', 'Compa&#241;eros cosm&#233;ticos hechos a mano que te siguen a todas partes.');
INSERT INTO `wow_profession_bonuses` VALUES (34, 202, 'inv_pet_lilsmoky', 'Miscel&#225;nea', 'Abalorios especiales que limitan el movimiento de tus enemigos, te dan la opci&#243;n de comprar y vender aunque est&#233;s lejos de una ciudad, y mucho m&#225;s.');
INSERT INTO `wow_profession_bonuses` VALUES (35, 773, 'ability_miling', 'Moler', 'Destila hierbas para obtener pigmentos m&#237;sticos valiosos y as&#237; poder realizar futuras inscripciones (o para vender).');
INSERT INTO `wow_profession_bonuses` VALUES (36, 773, 'inv_glyph_majorwarrior', 'Glifos', 'Aumenta habilidades y hechizos para todas las clases: m&#225;s sanaci&#243;n o da&#241;o, aumento de la duraci&#243;n de hechizos y m&#225;s.');
INSERT INTO `wow_profession_bonuses` VALUES (37, 773, 'inv_inscription_armorscroll01', 'Vitelas', 'Contienen encantamientos que se pueden vender o con los que se puede comerciar.');
INSERT INTO `wow_profession_bonuses` VALUES (38, 773, 'inv_misc_ticket_tarot_beasts_01', 'Cartas', 'Objetos poco comunes con los que se puede comerciar en la Feria de la Luna Negra para obtener abalorios o equipamiento.');
INSERT INTO `wow_profession_bonuses` VALUES (39, 773, 'inv_misc_book_07', 'Escritos', 'Objetos sostenidos con la mano izquierda que pueden aumentar los atributos y otros poderes concretos.');
INSERT INTO `wow_profession_bonuses` VALUES (40, 773, 'spell_frost_frostshock', 'Inscripciones', 'Inscribe poderosas magias sobre ciertos objetos. Algunas inscripciones especiales solo se pueden utilizar con el equipamiento del propio escriba.');
INSERT INTO `wow_profession_bonuses` VALUES (41, 755, 'spell_misc_conjuremanajewel', 'Tallar gemas ', 'Solo los joyeros pueden tallar y preparar gemas m&#237;sticas que aumentan los bonus que otorgan a los objetos con ranuras.');
INSERT INTO `wow_profession_bonuses` VALUES (42, 755, 'inv_jewelcrafting_dragonseye05', 'Gemas exclusivas', 'Si bien todas las clases pueden insertar gemas en sus equipamientos, los joyeros pueden tallar gemas m&#237;sticas &#250;nicas, cuyo poder supera al de las otras las gemas.');
INSERT INTO `wow_profession_bonuses` VALUES (43, 755, 'inv_misc_statue_06', 'Estatuas', 'Objetos de sanaci&#243;n m&#237;sticos que solo pueden utilizar los joyeros que los han creado.');
INSERT INTO `wow_profession_bonuses` VALUES (44, 755, 'inv_jewelry_talisman_11', 'Abalorios', 'Crea anillos, collares y una pl&#233;tora de abalorios &#250;tiles.');
INSERT INTO `wow_profession_bonuses` VALUES (45, 186, 'inv_ore_iron_01', 'Componentes', 'Menas, barras y rocas que son materiales necesarios para varias profesiones.');
INSERT INTO `wow_profession_bonuses` VALUES (46, 186, 'inv_misc_bag_17', 'Ventas', 'Ya que los minerales son un bien preciado entre los artesanos, se pueden vender o utilizar para comerciar con otros jugadores.');
INSERT INTO `wow_profession_bonuses` VALUES (47, 186, 'ability_golemthunderclap', 'Consistencia', 'Los mineros veteranos obtienen la facultad Consistencia, que aumenta el aguante.');
INSERT INTO `wow_profession_bonuses` VALUES (48, 165, 'inv_chest_leather_01', 'Armaduras', 'Armadura de cuero, armadura de malla y capas.');
INSERT INTO `wow_profession_bonuses` VALUES (49, 165, 'inv_misc_armorkit_15', 'Refuerzos para armaduras', 'Parches especiales de un solo uso que pueden aumentar el valor defensivo de una pieza de armadura de forma permanente. Algunos de los refuerzos especiales solo se pueden utilizar en el equipo del propio peletero.');
INSERT INTO `wow_profession_bonuses` VALUES (50, 165, 'inv_misc_bag_19', 'Bolsas ', 'Bolsas que aumentan tu capacidad para llevar objetos.');
INSERT INTO `wow_profession_bonuses` VALUES (51, 165, 'trade_leatherworking', 'Armaduras exclusivas', 'Los peleteros pueden fabricar armaduras &#250;nicas que solo pueden llevar ellos mismos.');
INSERT INTO `wow_profession_bonuses` VALUES (52, 197, 'inv_chest_cloth_16', 'Armaduras', 'Armaduras de tela (t&#250;nicas, guantes, yelmos, botas, jubones y sobrehombros).');
INSERT INTO `wow_profession_bonuses` VALUES (53, 197, 'inv_misc_bag_13', 'Bolsas', 'Las bolsas aumentan la capacidad de llevar cosas y la sastrer&#237;a se encarga de crear muchas de ellas.');
INSERT INTO `wow_profession_bonuses` VALUES (54, 197, 'inv_shirt_black_01', 'Ropa', 'Camisas, esm&#243;quines y vestidos para personalizar tu apariencia y destacar.');
INSERT INTO `wow_profession_bonuses` VALUES (55, 197, 'ability_mount_magnificentflyingcarpet', 'Monturas', 'Los sastres pueden crear una montura voladora m&#237;stica: la alfombra m&#225;gica.');
INSERT INTO `wow_profession_bonuses` VALUES (56, 197, 'inv_misc_thread_01', 'Bordados', 'Forros m&#225;gicos que pueden imbuir el equipo de bonus de atributos.');
INSERT INTO `wow_profession_bonuses` VALUES (57, 794, 'inv_scroll_07', 'Conocimiento', 'La b&#250;squeda de conocimiento e historias es la mayor recompensa de la arqueolog&#237;a.');
INSERT INTO `wow_profession_bonuses` VALUES (58, 794, 'trade_archaeology_tinydinosaurskeleton', 'Objetos de vanidad', 'Algunas veces se pueden extraer de la tierra mascotas, monturas fosilizadas y otros artefactos extra&#241;os.');
INSERT INTO `wow_profession_bonuses` VALUES (59, 794, 'inv_sword_40', 'Armas y armaduras', 'Entre los artefactos antiguos hay hojas que siguen siendo poderosas y escudos de anta&#241;o.');
INSERT INTO `wow_profession_bonuses` VALUES (60, 185, 'inv_misc_food_18', 'Sanaci&#243;n', 'La mayor&#237;a de la comida preparada ayuda al que la consume a recuperar r&#225;pidamente la salud tras resultar herido.');
INSERT INTO `wow_profession_bonuses` VALUES (61, 185, 'inv_thanksgiving_stuffing', 'Recuperaci&#243;n', 'Algunas de las comidas preparadas aceleran la recuperaci&#243;n de otros recursos tales como el man&#225; o la energ&#237;a.');
INSERT INTO `wow_profession_bonuses` VALUES (62, 185, 'inv_misc_food_68', 'Beneficios', 'Los platos que realmente satisfagan a quien los coma otorgan el beneficio "Bien alimentado", un aumento de los atributos de larga duraci&#243;n.');
INSERT INTO `wow_profession_bonuses` VALUES (63, 185, 'inv_drink_17', 'Efectos secundarios', 'Unos pocos platos suelen provocar efectos secundarios extra&#241;os: halitosis o aumento de altura y peso, entre otras cosas.');
INSERT INTO `wow_profession_bonuses` VALUES (64, 356, 'inv_misc_fish_08', 'Peces ', 'Los peces se pueden comer crudos para recuperar salud, cocinar mediante recetas &#250;nicas o utilizar para alimentar a las mascotas. Algunos peces poco comunes otorgan beneficios &#250;nicos.');
INSERT INTO `wow_profession_bonuses` VALUES (65, 356, 'inv_box_03', 'Cofres', 'Las cajas cerradas, cofres, almejas gigantes y peces hinchados pueden contener objetos valiosos tales como gemas, suministros o anillos.');
INSERT INTO `wow_profession_bonuses` VALUES (66, 356, 'inv_drink_12', 'Mensajes', 'Se pueden encontrar pergaminos, planos para crear objetos e, incluso, fragmentos de diarios personales dentro de botellas.');
INSERT INTO `wow_profession_bonuses` VALUES (67, 356, 'inv_potion_49', 'Otros', 'Pociones, armas y esencias elementales flotan a veces hasta la superficie en ubicaciones concretas.');
INSERT INTO `wow_profession_bonuses` VALUES (68, 129, 'inv_misc_bandage_15', 'Vendas', 'Objetos consumibles que otorgan una sanaci&#243;n r&#225;pida y limitada tanto durante el combate como fuera de &#233;l.');
INSERT INTO `wow_profession_bonuses` VALUES (69, 129, 'inv_misc_slime_01', 'Contravenenos', 'Objetos consumibles que eliminan perjuicios (efectos negativos) causados por venenos.');

DROP TABLE IF EXISTS `wow_profession_data`;
CREATE TABLE `wow_profession_data` (
  `key` varchar(255) NOT NULL,
  `id` int(11) NOT NULL,
  `name_es` text NOT NULL,
  `intro_es` text NOT NULL,
  `desc_es` text NOT NULL,
  `howto_es` text NOT NULL,
  `icon` varchar(255) NOT NULL,
  PRIMARY KEY (`key`)
) ENGINE=MyISAM DEFAULT CHARSET=utf8;

INSERT INTO `wow_profession_data` VALUES ('alchemy', 171, 'Alquimia', 'Los alquimistas usan hierbas para crear brebajes extra&#241;os y m&#225;gicos que sanan, confieren poderes y producen efectos positivos como invisibilidad, resistencia elemental, restaurar man&#225; y muchos m&#225;s. Tambi&#233;n pueden transmutar materiales m&#237;sticos en formas nuevas poco comunes y ex&#243;ticas. Gracias a su poder para crear consumibles valiosos (objetos de un solo uso), los alquimistas son una adquisici&#243;n muy &#250;til para grupos y bandas. Al crear materiales poco comunes, los alquimistas pueden amasar una buena fortuna, facilitar la creaci&#243;n de poderosas armas y armaduras e, incluso, &#161;influir en la econom&#237;a de Azeroth!', '<p>La mayor&#237;a de los brebajes alqu&#237;micos se pueden crear en cualquier parte siempre y cuando tengas los componentes necesarios, que puedes comprar a los vendedores, comerciar con otros jugadores o encontrar por el mundo.</p><p>A menudo, la alquimia suele ir de la mano con la profesi&#243;n de recolecci&#243;n herborister&#237;a, ya que las hierbas que se encuentran por el mundo suelen formar parte de las recetas de la mayor&#237;a de las mezclas.</p><p>A medida que progreses en el arte de la alquimia, tendr&#225;s la oportunidad de elegir una especializaci&#243;n. Tras completar una misi&#243;n especial, puedes especializarte en transmutaci&#243;n, pociones o elixires. Un alquimista especializado cuenta con una mayor probabilidad de crear materiales adicionales cuando trabaja en su campo de conocimiento.</p>', '<li><strong>Paso 1</strong><br />Consigue los ingredientes que te hacen falta para la receta que quieres elaborar. Puedes consultar los ingredientes que necesitas en tu men&#250; de profesiones.</li><li><strong>Paso 2</strong><br />La mayor&#237;a de las recetas de alquimia requieren hierbas (que se pueden encontrar por el mundo o que, a menudo, se pueden comprar en la casa de subastas) y algunas necesitan que tengas otros materiales especiales (como recipientes), que en su mayor&#237;a se pueden comprar a un vendedor de suministros comerciales.</li><li><strong>Paso 3</strong><br />Para preparar tu brebaje, elige "Alquimia" en tu men&#250; de profesiones, despu&#233;s selecciona la receta que quieres preparar, especifica la cantidad de pociones u otros brebajes que quieras fabricar y haz clic en "Crear".</li>', 'trade_alchemy');
INSERT INTO `wow_profession_data` VALUES ('skinning', 393, 'Desuello', 'Los desolladores suelen recoger los pellejos de los animales muertos y amasan pilas de piel y cuero para asegurarse de que no se desperdicia nada. Desuello es una profesi&#243;n adecuada y conveniente para aquellos que ya se dedican a cazar animales, aunque siempre resulta &#250;til. Los cueros ex&#243;ticos (como la piel de drag&#243;n) pueden alcanzar precios muy altos y son vitales para los patrones de peleter&#237;a, as&#237; como para las recetas de otras profesiones.', '<p>Los desolladores pueden retirar con facilidad el pellejo de las bestias muertas siempre y cuando lleven un cuchillo para desollar en el inventario. Basta con hacer clic derecho en el cad&#225;ver del animal. Aunque no todas las bestias pueden ser desolladas, es posible en la mayor&#237;a y, para desollarlo no es necesario que hayas matado al animal t&#250; mismo.</p><p>A medida que desuelles criaturas m&#225;s dif&#237;ciles y poco comunes, tu habilidad de desuello ir&#225; creciendo. Para desollar a criaturas de niveles altos hace falta tener un nivel alto de habilidad de desuello.</p><p>Como profesi&#243;n de recolecci&#243;n, desuello a menudo suele ir de la mano de profesiones de producci&#243;n complementarias, sobre todo peleter&#237;a, aunque la sastrer&#237;a tambi&#233;n suele utilizar cuero.</p>', '<li><strong>Paso 1</strong><br />Ac&#233;rcate a la bestia muerta (tambi&#233;n funciona con algunos dragonantes o enemigos insectoides) con un cuchillo para desollar en tu inventario. Ver&#225;s que el puntero del rat&#243;n se convierte en un icono de "cuchillo" cuando est&#233;s lo suficientemente cerca del animal como para desollarlo.</li><li><strong>Paso 2</strong><br />Haz clic derecho en el cad&#225;ver para desollarlo. Despu&#233;s, podr&#225;s obtener pellejos y/o cuero del animal.</li>', 'inv_misc_pelt_wolf_01');
INSERT INTO `wow_profession_data` VALUES ('enchanting', 333, 'Encantamiento', 'Los encantadores desencantan los objetos m&#225;gicos que sobran y utilizan el residuo resultante para aumentar permanentemente el equipo de su elecci&#243;n. Con los encantamientos y materiales adecuados, un encantador puede a&#241;adir bonus a sus armaduras o armas y hacerlas m&#225;s fuertes, r&#225;pidas o resistentes (entre una gran variedad de otros poderes m&#237;sticos). Los encantadores astutos venden sus servicios especiales a otros h&#233;roes y suelen imponer unos precios desorbitados debido a la peculiaridad del trabajo que realizan.', '<p>Los encantadores necesitan el residuo de los objetos m&#225;gicos para trabajar: cuanto m&#225;s potente sea el objeto, m&#225;s peculiar ser&#225; el residuo. Tambi&#233;n necesitan varas encantadoras para canalizar su magia.</p><p>Encantamiento no depende de una profesi&#243;n de recolecci&#243;n en concreto, as&#237; que, a veces, los encantadores eligen sastrer&#237;a para crear r&#225;pidamente objetos m&#225;gicos que destinan a desencantar.</p>', '<li><strong>Paso 1</strong><br />Aseg&#250;rate de que has aprendido la f&#243;rmula del encantamiento que quieres utilizar y que tienes en tu inventario la vara encantadora adecuada y los materiales especiales necesarios para el encantamiento. Se pueden comprar algunos ingredientes a los vendedores de suministros comerciales; sin embargo, las esencias m&#225;gicas, los ingredientes primarios, normalmente solo se pueden encontrar en la casa de subastas. Lo m&#225;s normal es extraerlos de otros objetos mediante desencantar.</li><li><strong>Paso 2</strong><br />Para extraer la esencia de los objetos m&#225;gicos con desencantar, simplemente elige el objeto que deseas desencantar (debe ser de calidad "inusual" o superior) y haz clic en "Desencantar" en tu men&#250; de profesiones. Esta acci&#243;n consumir&#225; el objeto y recibir&#225;s las esencias m&#225;gicas necesarias para crear tus encantamientos.</li><li><strong>Paso 3</strong><br />Para encantar un objeto, primero coloca el objeto en tu inventario (si vas a encantar para otro jugador, p&#237;dele que coloque el objeto en la ventana Comerciar). Despu&#233;s, elige "Encantar" en tu men&#250; de profesiones, haz clic en el encantamiento que quieras aplicar y despu&#233;s en el objeto que quieras encantar.</li>', 'trade_engraving');
INSERT INTO `wow_profession_data` VALUES ('herbalism', 182, 'Herborister&#237;a', 'Los herboristas recogen con gran cuidado las &#250;tiles y potentes hierbas que van encontrando por el mundo. A medida que viajan, los herboristas utilizan sus agudos sentidos para encontrar la flora m&#225;s preciada y poco com&#250;n, necesarias para sus propias recetas y las de otras profesiones. Tambi&#233;n pueden producir grandes cantidades de componentes que tanto ellos mismos como otros miembros de la hermandad o del grupo necesitar&#225;n para desarrollar sus profesiones. O pueden obtener oro vendiendo dichos componentes o comerciando con fardos de hierbas.', '<p>Los herboristas pueden localizar las hierbas en el mapa gracias a sus sentidos agudizados que detectan el crecimiento y la ubicaci&#243;n de la flora. Adem&#225;s, pueden recogerlas de forma muy sencilla (con un simple clic derecho en el nodo de herborister&#237;a). Para recoger las hierbas no se necesitan herramientas especiales. A medida que recojas m&#225;s hierbas peculiares, tu habilidad de herborister&#237;a ir&#225; creciendo. Para recoger las mejores y m&#225;s raras hierbas hace falta tener un nivel alto de habilidad de herborister&#237;a.</p><p>Las hierbas crecen casi en cualquier parte de Azeroth, aunque algunas zonas son m&#225;s fecundas que otras. Algunas hierbas poco comunes aparecen de forma poco frecuente, son dif&#237;ciles de encontrar, o ambas cosas. Son estas hierbas las que atraen los precios m&#225;s altos y sirven para crear los objetos m&#225;s potentes.</p>', '<li><strong>Paso 1</strong><br />Activa tu facultad "Buscar hierbas" mientras viajas por el mundo para identificar los nodos de herborister&#237;a. &#201;stos aparecer&#225;n en tu minimapa cuando te acerques a ellos.</li><li><strong>Paso 2</strong><br />Cuando localices un nodo, ac&#233;rcate a &#233;l y haz clic derecho para recoger las hierbas. &#161;Recibir&#225;s una peque&#241;a cantidad como bot&#237;n!</li>', 'trade_herbalism');
INSERT INTO `wow_profession_data` VALUES ('blacksmithing', 164, 'Herrer&#237;a', 'Los herreros utilizan su pericia con el martillo y el yunque para crear armas mortales, pesados trajes de malla, armaduras de placas y m&#225;s objetos especializados. Los herreros con verdadero talento tambi&#233;n pueden modificar su propio equipo a&#241;adiendo ranuras para gemas m&#225;gicas. El equipamiento que fabrican permite a los herreros equipar a los miembros del grupo o de la hermandad y a s&#237; mismos (sobre todo a aquellos que llevan armaduras pesadas), y vender sus productos en la casa de subastas.', '<p>La mayor parte del trabajo de herrer&#237;a debe realizarse con un martillo y un yunque. Se pueden encontrar yunques de herrer&#237;a (y forjas para fundir minerales) en casi todas las ciudades y capitales.</p><p>A menudo, la herrer&#237;a suele ir de la mano de la profesi&#243;n de recolecci&#243;n miner&#237;a, ya que los minerales que se obtienen al picar menas suelen ser componentes esenciales de la mayor&#237;a de las armas y armaduras.</p>', '<li><strong>Paso 1</strong><br />Antes de fabricar algo, aseg&#250;rate de que tienes todos los materiales (a menudo se trata de minerales fundidos) que necesitas para forjar los objetos que quieres crear. Ten en cuenta que casi todo el trabajo de herrer&#237;a requiere que tengas un martillo de herrer&#237;a (que puedes comprar a cualquier vendedor de suministros comerciales) en tu inventario.</li><li><strong>Paso 2</strong><br />Lleva los materiales que necesites a un yunque. Encontrar&#225;s yunques en todas las capitales y en muchas ciudades.</li><li><strong>Paso 3</strong><br />Elige "Herrer&#237;a" en tu men&#250; de profesiones, selecciona el objeto que quieras fabricar y haz clic en "Crear".</li>', 'trade_blacksmithing');
INSERT INTO `wow_profession_data` VALUES ('engineering', 202, 'Ingenier&#237;a', 'Los ingenieros aprovechan su creatividad para fabricar una inmensa (y a veces aleatoria) variedad de objetos &#250;tiles. Trasteando sin descanso y lidiando con fallos continuos, un ingeniero puede crear objetos totalmente &#250;nicos: potenciadores de vista, armas potentes, mascotas robots, monturas mec&#225;nicas e incluso abalorios de lo m&#225;s inusual. Los ingenieros m&#225;s h&#225;biles utilizan sus inventos para resolver problemas y hacer que sus vidas y las de sus compa&#241;eros sean m&#225;s f&#225;ciles, din&#225;micas y mejores.', '<p>La mayor&#237;a de los esquemas de ingenier&#237;a se pueden fabricar en cualquier parte, siempre y cuando tengas los materiales necesarios para dar forma a tu creaci&#243;n.</p><p>Suele ser muy com&#250;n que los ingenieros se especialicen tambi&#233;n en miner&#237;a: los metales y menas que se obtienen de esta manera sirven para construir sus invenciones.</p>A medida que progreses en el arte de la ingenier&#237;a, tendr&#225;s la oportunidad de elegir una especializaci&#243;n. Tras completar una misi&#243;n especial, podr&#225;s especializarte en ingenier&#237;a goblin o gn&#243;mica. Cada escuela de ingenier&#237;a se especializa en la creaci&#243;n de objetos &#250;nicos, algunos de los cuales no est&#225;n disponibles para la otra rama de la profesi&#243;n.', '<li><strong>Paso 1</strong><br />Aseg&#250;rate de haber aprendido los esquemas que quieres utilizar y que tienes los materiales indicados en ese esquema. Una gran cantidad de materiales necesarios para los esquemas de ingenier&#237;a se pueden obtener con la miner&#237;a, mientras que otros se pueden comprar a vendedores de suministros comerciales o, a menudo, en la casa de subastas.</li><li><strong>Paso 2</strong><br />Una vez tengas en tu inventario los materiales que necesitas, puedes utilizar ingenier&#237;a en cualquier momento y lugar. Simplemente elige "Ingenier&#237;a" en tu men&#250; de profesiones, selecciona el esquema y haz clic en "Crear".</li>', 'trade_engineering');
INSERT INTO `wow_profession_data` VALUES ('inscription', 773, 'Inscripci&#243;n', 'Los escribas tejen palabras de poder en glifos que pueden mejorar las habilidades y facultades de los h&#233;roes, y a&#241;adir efectos especiales que no se pueden conseguir por medios normales. Al transferir sus poderes a la tinta, los escribas tambi&#233;n pueden crear pergaminos consumibles, escritos m&#237;sticos y pedazos de vitela que les permiten transmitir sus encantamientos a otras personas. Al igual que encantamiento, inscripci&#243;n  puede ayudar a los aventureros veteranos a mejorar a&#250;n m&#225;s, pero se centra en aumentar los poderes de la clase, no del equipo.', '<p>Los escribas necesitan pigmentos, obtenidos de moler hierbas, para crear sus glifos. Por lo tanto, inscripci&#243;n a menudo va de la mano con la profesi&#243;n de recolecci&#243;n herborister&#237;a. Los escribas tambi&#233;n necesitan juegos de caligraf&#237;a para poder escribir sus palabras de poder.</p>', '<li><strong>Paso 1</strong><br />Aseg&#250;rate de que has aprendido la t&#233;cnica que quieres utilizar y que tienes el juego de caligraf&#237;a junto con los papiros, pigmentos y/u otros materiales especiales que necesites para aplicar la t&#233;cnica. Se pueden comprar los papiros a cualquier vendedor de suministros comerciales, mientras que las tintas se fabrican a partir de pigmentos que se pueden adquirir en la casa de subastas o, normalmente, moliendo hierbas.</li><li><strong>Paso 2</strong><br />Moler permite obtener pigmentos de las hierbas. Para moler, coloca las hierbas en tus bolsas y elige la facultad "Moler" en tu men&#250; de profesiones. Esta acci&#243;n consumir&#225; las hierbas y recibir&#225;s los pigmentos que podr&#225;s utilizar para tu inscripci&#243;n.</li><li><strong>Paso 3</strong><br />Una vez tengas los materiales que necesitas en tu inventario, puedes utilizar la inscripci&#243;n en cualquier momento y casi en cualquier lugar. Simplemente elige "Inscripci&#243;n" en tu men&#250; de profesiones, selecciona la t&#233;cnica que quieras aplicar y haz clic en "Crear".</li>', 'inv_inscription_tradeskill01');
INSERT INTO `wow_profession_data` VALUES ('jewelcrafting', 755, 'Joyer&#237;a', 'Los joyeros explotan los sorprendentes poderes de las piedras preciosas y crean poderosas joyas y abalorios. Pueden fabricar anillos, amuletos y otros objetos de conocido poder m&#237;stico, pero tambi&#233;n tallan gemas para que encajen en objetos con ranuras como armas y piezas de armadura, lo que permite que esas piezas de equipo adquieran propiedades &#250;nicas. Un joyero con talento puede estar seguro de que sus servicios ser&#225;n muy demandados para crear objetos especiales, mejorar equipo o tallar gemas poco comunes.', '<p>Los joyeros obtienen la mayor&#237;a de las gemas que necesitan para su arte mediante los filones de miner&#237;a, as&#237; que, a menudo, los joyeros suelen elegir tambi&#233;n la profesi&#243;n de recolecci&#243;n de miner&#237;a. Joyer&#237;a requiere herramientas de joyero.</p>', '<li><strong>Paso 1</strong><br />Para crear un boceto de joyer&#237;a o tallar una gema, primero debes asegurarte de que has aprendido el boceto que quieres utilizar y que tienes las gemas, minerales y/o materiales especiales que se indican en ese boceto. Se pueden conseguir los minerales mediante la profesi&#243;n de miner&#237;a (y, a menudo, en la casa de subastas); mientras que las gemas se pueden encontrar, comprar en la casa de subastas o, lo que es m&#225;s habitual, se pueden conseguir mediante la prospecci&#243;n.</li><li><strong>Paso 2</strong><br />Prospectar permite obtener gemas de menas. Para prospectar, coloca la mena en tus bolsas y elige la facultad "Prospectar" en tu men&#250; de profesiones. Esta acci&#243;n consumir&#225; la mena y recibir&#225;s las gemas que podr&#225;s utilizar en tu boceto.</li><li><strong>Paso 3</strong><br />Una vez tengas los materiales necesarios en tu inventario, puedes utilizar joyer&#237;a para crear los bocetos o tallar gemas en cualquier momento y casi en cualquier lugar. Simplemente elige "Joyer&#237;a" en tu men&#250; de profesiones, selecciona el objeto que quieras crear o la gema que desees tallar, y haz clic en "Crear".</li>', 'inv_misc_gem_01');
INSERT INTO `wow_profession_data` VALUES ('mining', 186, 'Miner&#237;a', 'Los mineros buscan valiosas y &#250;tiles menas y las extraen directamente de la tierra con sus picos. Su conocimiento de la tierra les otorga una fuerte intuici&#243;n sobre d&#243;nde encontrar las vetas m&#225;s ricas de oro, plata o incluso de otros metales preciosos, que extraen y funden para ganar oro o para utilizarlas en trabajos de metalurgia de todo tipo.  ', '<p>Los mineros pueden detectar filones de minerales en el minimapa con la habilidad Buscar minerales, y pueden extraerlos r&#225;pidamente (con un simple clic derecho sobre el fil&#243;n). Los mineros necesitan picos de minero para partir las rocas y obtener las valiosas menas. Adem&#225;s, para fundir las menas en barras, es necesario estar cerca de una forja (que se pueden encontrar en la mayor&#237;a de las ciudades). A medida que ejercites tu habilidad en la miner&#237;a y fundas complejas combinaciones de menas para obtener aleaciones, tu habilidad de miner&#237;a ir&#225; creciendo. Para extraer las menas menos comunes hace falta tener un nivel alto de habilidad de miner&#237;a.</p><p>La miner&#237;a es una profesi&#243;n de recolecci&#243;n. A menudo suele ir de la mano de profesiones de producci&#243;n tales como herrer&#237;a, ingenier&#237;a y joyer&#237;a.</p><p>Se pueden encontrar minerales en cualquier parte de Azeroth, aunque algunas zonas son m&#225;s ricas en minerales que otras. Algunos minerales valiosos y poco comunes son dif&#237;ciles de encontrar, pero la recompensa merece el esfuerzo, ya que pueden alcanzar los precios m&#225;s altos y sirven para crear los objetos m&#225;s potentes.</p>', '<li><strong>Paso 1</strong><br />Activa tu facultad "Buscar minerales" mientras viajas por el mundo para identificar filones de minerales.</li><li><strong>Paso 2</strong><br />Cuando encuentres un fil&#243;n, ac&#233;rcate a &#233;l con el pico de minero en tu inventario y haz clic en el fil&#243;n para extraer los minerales.</li><li><strong>Paso 3</strong><br />Recibir&#225;s un peque&#241;o bot&#237;n que incluir&#225; mineral y rocas.</li><li><strong>Paso 4</strong><br />Si quieres fundir las menas para otras profesiones (o para venderlas), dir&#237;gete a una forja (que se encuentran a menudo en las ciudades y capitales), haz clic en "Fundir" en tu men&#250; de profesiones y elige las menas que quieras fundir.</li>', 'trade_mining');
INSERT INTO `wow_profession_data` VALUES ('leatherworking', 165, 'Peleter&#237;a', 'Los peleteros recogen los pellejos duros, espinosos o recios de las bestias de todas partes y los transforman en productos &#250;tiles. Entre estas creaciones, lo primero son las armaduras m&#225;s ligeras, de cuero o malla, junto con las capas, las bolsas, y parches y costuras que aumentan los valores defensivos de las armaduras. El arte de la peleter&#237;a es &#250;til para aquellos que quieren equipar a los dem&#225;s y a s&#237; mismos con armaduras adecuadas, as&#237; como para aquellos que quieren obtener beneficios vendiendo sus creaciones poco comunes.', '<p>La mayor&#237;a de los trabajos de peleter&#237;a se pueden realizar en cualquier parte, siempre y cuando tengas los materiales necesarios. Es frecuente que los peleteros tambi&#233;n se especialicen en desuello , ya que es la manera m&#225;s eficiente de asegurarse el suministro de cuero necesario para sus creaciones.</p>', '<li><strong>Paso 1</strong><br />Aseg&#250;rate de que has aprendido el patr&#243;n que quieres utilizar y que tienes el cuero, los pellejos, las sales y otros materiales especiales necesarios indicados en ese patr&#243;n. El cuero se puede conseguir gracias a la profesi&#243;n de desuello (o, a menudo, compr&#225;ndolo en la casa de subastas), mientras que otros materiales est&#225;n disponibles en los vendedores de suministros generales.</li><li><strong>Paso 2</strong><br />Una vez tengas los materiales necesarios, puedes utilizar peleter&#237;a en cualquier momento y casi en cualquier lugar. Simplemente elige "Peleter&#237;a" en tu men&#250; de profesiones, selecciona el objeto que quieres fabricar y haz clic en "Crear".</li>', 'trade_leatherworking');
INSERT INTO `wow_profession_data` VALUES ('tailoring', 197, 'Sastrer&#237;a', 'Los sastres pueden tejer maravillas a partir de una tela sencilla. Las armaduras de tela, t&#250;nicas, camisas, bolsas y otros productos son &#225;mbito del sastre. Los beneficios son diversos: las clases que llevan armaduras ligeras pueden vestir t&#250;nicas m&#237;sticas, todo tipo de h&#233;roes pueden disfrutar de una gran variedad de bolsas, y todo el mundo sabr&#225; apreciar las camisas y prendas decorativas que surgen del telar del sastre.', '<p>La sastrer&#237;a no depende de una profesi&#243;n de recolecci&#243;n. Se puede encontrar tela en cofres o en enemigos muertos. Tambi&#233;n se puede comprar. En general, sastrer&#237;a suele ir de la mano de una gran variedad de profesiones, aunque encantamiento  es la m&#225;s com&#250;n.</p><p>La mayor&#237;a del trabajo de sastrer&#237;a puede realizarse en cualquier parte, siempre y cuando tengas los materiales necesarios.</p>', '<li><strong>Paso 1</strong><br />Para crear objetos de sastre, primero aseg&#250;rate de que conoces el patr&#243;n que deseas crear y que tienes las telas, tintes y otros materiales especiales necesarios especificados en el patr&#243;n. Se puede conseguir tela en muchos enemigos (o, a menudo, en la casa de subastas), y otros materiales suelen estar disponibles en los vendedores de suministros comerciales.</li><li><strong>Paso 2</strong><br />Una vez tengas los materiales necesarios, puedes coser objetos en cualquier momento y casi en cualquier lugar. Simplemente elige "Sastrer&#237;a" en tu men&#250; de profesiones, selecciona el objeto que quieres fabricar, y haz clic en "Crear".</li>', 'trade_tailoring');
INSERT INTO `wow_profession_data` VALUES ('archaeology', 794, 'Arqueolog&#237;a', 'Los arque&#243;logos recorren el mundo e, incluso, lugares m&#225;s lejanos, en busca de misteriosos restos del pasado. Sus excavaciones descubren todo tipo de artefactos y un arque&#243;logo persistente investigar&#225; desde objetos hist&#243;ricos comunes hasta misteriosas artefactos de enorme rareza.', '<p>Los artefactos ofrecen una mirada &#250;nica e inestimable sobre la historia del mundo, pero algunos coleccionistas est&#225;n m&#225;s que dispuestos a determinar su valor econ&#243;mico. Tras documentar los descubrimientos en su diario, los arque&#243;logos pueden vender los objetos que encuentran a vendedores y comisarios de museos para sacarse un dinerillo extra.</p><p>La arqueolog&#237;a es una profesi&#243;n secundaria: todo el mundo puede aprender a investigar y a reconstruir las ruinas del pasado, independientemente de las dem&#225;s profesiones que haya elegido.</p><p>Todos los arque&#243;logos empiezan estudiando los mapas de Azeroth para encontrar las ubicaciones de las excavaciones arqueol&#243;gicas m&#225;s prometedoras, y despu&#233;s investigan esos lugares a pie, con la ayuda de los instrumentos de estudio, para intentar determinar d&#243;nde yacen los preciosos fragmentos hist&#243;ricos de esa zona. En las distintas ubicaciones se descubren distintos tipos de artefactos hist&#243;ricos, que conllevan distintas recompensas.</p><p>Los arque&#243;logos que invierten tiempo en mejorar su habilidad a lo largo del tiempo descubren objetos cada vez m&#225;s valiosos y poco comunes, y su conocimiento sobre el mundo y el pasado de Azeroth crece junto con la colecci&#243;n de artefactos. </p>', '<li><strong>Paso 1</strong><br />Cuando hayas aprendido la habilidad de arqueolog&#237;a, ver&#225;s la ubicaci&#243;n de las excavaciones disponibles en tu mapa. Cada excavaci&#243;n est&#225; indicada por el icono de una pala. Para encontrar tu excavaci&#243;n, empieza por viajar a un icono de pala que veas en el mapa.</li><li><strong>Paso 2</strong><br />Cuando llegues a la excavaci&#243;n, el mapa te mostrar&#225; la zona general en la que debes excavar. Ac&#233;rcate a cualquier lugar dentro de esa &#225;rea y elige "Estudiar" en tu men&#250; de profesiones.</li><li><strong>Paso 3</strong><br />Aparecer&#225;n tu telescopio y tu aparato de observaci&#243;n, que mostrar&#225; un color (rojo=lejos, amarillo=cerca, verde=muy cerca) para indicarte lo lejos que est&#225;s del lugar de excavaci&#243;n. El telescopio siempre te indicar&#225; en qu&#233; direcci&#243;n est&#225; el lugar de excavaci&#243;n y el monitor de distancia te ayudar&#225; a determinar lo cerca que est&#225;s.</li><li><strong>Paso 4</strong><br />No dejes de moverte ni de estudiar. Cuando est&#233;s muy cerca del lugar de excavaci&#243;n, la acci&#243;n de estudiar la desenterrar&#225; y conseguir&#225;s fragmentos de las artefactos que has venido a descubrir. Normalmente, es posible encontrar m&#225;s de un objeto en una misma excavaci&#243;n.</li><li><strong>Paso 5</strong><br />A medida que desentierres m&#225;s fragmentos, estar&#225;s m&#225;s cerca de reconstruir un artefacto. Cuando consigas reconstruir un artefacto por completo, obtendr&#225;s una recompensa y la historia del objeto se reflejar&#225; en la secci&#243;n de arqueolog&#237;a de tu men&#250; de profesiones.</li>', 'trade_archaeology');
INSERT INTO `wow_profession_data` VALUES ('cooking', 185, 'Cocina', 'Los cocineros experimentan con recetas extra&#241;as y maravillosas recogidas en todos los rincones de Azeroth. Un chef entregado es capaz de convertir los ingredientes m&#225;s mundanos, peces reci&#233;n pescados o restos de carne animal en comidas exquisitas y nutritivas. Los cocineros m&#225;s ambiciosos incluso pueden crear festines enormes para saciar el hambre de grupos enteros de aventureros. La comida que se hace con cocina acelera la recuperaci&#243;n de salud y algunas comidas otorgan beneficios de larga duraci&#243;n a h&#233;roes que tengan el est&#243;mago lleno.', '<p>Cocina es una profesi&#243;n secundaria. Todo el mundo puede aprender a cocinar independientemente de cu&#225;ntas profesiones haya elegido ya.</p><p>La mayor&#237;a de las recetas de cocina se deben crear sobre una fuente de calor: o bien una lumbre creada por ti o en una estufa abierta, la fogata de un campamento, etc. </p><p>Aunque muchas recetas de cocina utilizan carne de animales que has matado por el mundo (lo que hace que la cocina sea una manera muy conveniente de dar uso a los restos que recojas), la profesi&#243;n de pesca tambi&#233;n te proporciona gran parte de la materia prima para crear nuevas recetas. Los beneficios del marisco azerothiano para la salud son ampliamente conocidos.</p>', '<li><strong>Paso 1</strong><br />Antes de cocinar, primero tienes que reunir los ingredientes necesarios para el plato. En general, los animales que matas suelen soltar la carne para las recetas; puedes encontrar pescado en los lagos y oc&#233;anos, y se pueden comprar algunos ingredientes a los instructores de cocina o a vendedores de suministros comerciales.</li><li><strong>Paso 2</strong><br />Ac&#233;rcate con los ingredientes necesarios a una lumbre, ya sea una hoguera creada por ti mediante la habilidad "Hoguera b&#225;sica", o un fuego que encuentres en una ciudad como en el mundo (hogueras, blandones, estufas, chimeneas, etc.).</li><li><strong>Paso 3</strong><br />Elige "Cocina" en tu men&#250; de profesiones, haz clic en la receta que quieras preparar y luego, de nuevo, en "Crear".</li>', 'inv_misc_food_15');
INSERT INTO `wow_profession_data` VALUES ('fishing', 356, 'Pesca', 'Los pescadores se relajan y se alimentan recogiendo las riquezas de los lagos y mares de Azeroth. Una cuidadosa selecci&#243;n del cebo y una dosis de paciencia pueden dar como resultado capturas verdaderamente gratificantes: desde delicias marineras que restauran la salud del h&#233;roe o mejoran sus atributos, hasta restos flotantes empapados como cajas y cofres. &#161;Con la pesca incluso se pueden conseguir componentes poco comunes y objetos perdidos en el fondo del oc&#233;ano o tragados por criaturas marinas!', '<p>Pesca es una profesi&#243;n secundaria. Todo el mundo puede aprenderla, independientemente de cu&#225;ntas profesiones haya elegido ya. </p><p>La pesca debe realizarse en una masa de agua y con una ca&#241;a de pescar, que se puede adquirir de cualquier instructor de pesca. Pescar en diferentes lugares (o usar distintos tipos de cebo, que tambi&#233;n se pueden comprar a los instructores) produce resultados diferentes.</p><p>Aunque la mayor&#237;a de las capturas que hagas tendr&#225;n valor en el momento en el que las saques del agua, la profesi&#243;n de cocina  es una forma conveniente de sacarles mayor partido a los peces que pesques. Cuando se preparan de forma especial, muchos peces otorgan beneficios de restauraci&#243;n a&#241;adidos.</p>', '<li><strong>Paso 1</strong><br />Col&#243;cate cerca de una masa de agua con tu ca&#241;a de pescar equipada.</li><li><strong>Paso 2</strong><br />Ponte de cara al agua y utiliza la habilidad "Pesca" en tu men&#250; de profesiones.</li><li><strong>Paso 3</strong><br />Ver&#225;s que en el agua aparece una boya unida a tu sedal. Obs&#233;rvala. Cuando chapotee, haz clic derecho en la boya para sacar a tu pez.</li>', 'trade_fishing');
INSERT INTO `wow_profession_data` VALUES ('first-aid', 129, 'Primeros auxilios', 'En el peligroso mundo de Azeroth, los m&#233;dicos salvan vidas con vendas y ant&#237;dotos que sanan heridas y eliminan venenos. Al transformar tela de diversa calidad en potentes suministros m&#233;dicos, pueden conseguir que los h&#233;roes heridos vuelvan a la batalla r&#225;pidamente y sirven como complemento (pero no sustituto) de los medios m&#225;gicos de sanaci&#243;n.', '<p>Primeros auxilios es una profesi&#243;n secundaria. Todo el mundo puede recibir instrucci&#243;n para ser m&#233;dico, independientemente de cu&#225;ntas profesiones haya elegido ya. </p><p>Se pueden crear ant&#237;dotos y vendas casi en cualquier parte, siempre y cuando tengas los ingredientes necesarios: tela (para vendas) y gl&#225;ndulas de veneno (para el contraveneno).</p>', '<li><strong>Paso 1</strong><br />Aseg&#250;rate de que has aprendido el manual del objeto que quieres crear y que tienes la tela necesaria y otros materiales indicados en esa lista. La tela se puede conseguir de muchos enemigos (y, muchas veces, en la casa de subastas); los sacos de veneno se pueden extraer de los cad&#225;veres de varias criaturas venenosas; los otros materiales suelen estar disponibles en los vendedores de suministros comerciales.</li><li><strong>Paso 2</strong><br />Una vez que tengas los materiales necesarios, puedes hacer vendas y contravenenos en cualquier momento y casi en cualquier lugar. Simplemente elige "Primeros auxilios" en tu men&#250; de profesiones, selecciona el objeto que quieres fabricar y haz clic en "Crear".</li>', 'spell_holy_sealofsacrifice');

DROP TABLE IF EXISTS `wow_profession_related`;
CREATE TABLE `wow_profession_related` (
  `id` int(11) NOT NULL AUTO_INCREMENT,
  `profession_id` int(11) NOT NULL,
  `prof_key` varchar(255) NOT NULL,
  `icon` varchar(255) NOT NULL,
  `prof_name_es` text NOT NULL,
  `prof_desc_es` text NOT NULL,
  PRIMARY KEY (`id`)
) ENGINE=MyISAM AUTO_INCREMENT=18 DEFAULT CHARSET=utf8 AUTO_INCREMENT=18 ;

INSERT INTO `wow_profession_related` VALUES (1, 171, 'herbalism', 'trade_herbalism', 'Herborister&#237;a', 'Los herboristas recogen con gran cuidado las &#250;tiles y potentes hierbas que van encontrando por el mundo.');
INSERT INTO `wow_profession_related` VALUES (2, 171, 'fishing', 'trade_fishing', 'Pesca', 'Los pescadores se relajan y se alimentan recogiendo las riquezas de los lagos y mares de Azeroth.');
INSERT INTO `wow_profession_related` VALUES (3, 393, 'leatherworking', 'trade_leatherworking', 'Peleter&#237;a', 'Los peleteros recogen los pellejos duros, espinosos o recios de las bestias de todas partes y los transforman en productos &#250;tiles.');
INSERT INTO `wow_profession_related` VALUES (4, 393, 'tailoring', 'trade_tailoring', 'Sastrer&#237;a', 'Los sastres pueden tejer maravillas a partir de una tela sencilla.');
INSERT INTO `wow_profession_related` VALUES (5, 182, 'alchemy', 'trade_alchemy', 'Alquimia', 'Los alquimistas usan hierbas para crear brebajes extra&#241;os y m&#225;gicos que sanan, confieren poderes y producen efectos positivos como invisibilidad, resistencia elemental, restaurar man&#225; y muchos m&#225;s.');
INSERT INTO `wow_profession_related` VALUES (6, 182, 'inscription', 'inv_inscription_tradeskill01', 'Inscripci&#243;n', 'Los escribas tejen palabras de poder en glifos que pueden mejorar las habilidades y facultades de los h&#233;roes, y a&#241;adir efectos especiales que no se pueden conseguir por medios normales.');
INSERT INTO `wow_profession_related` VALUES (7, 164, 'mining', 'inv_pick_02', 'Miner&#237;a', 'Los mineros buscan valiosas y &#250;tiles menas y las extraen directamente de la tierra con sus picos.');
INSERT INTO `wow_profession_related` VALUES (8, 202, 'mining', 'inv_pick_02', 'Miner&#237;a', 'Los mineros buscan valiosas y &#250;tiles menas y las extraen directamente de la tierra con sus picos.');
INSERT INTO `wow_profession_related` VALUES (9, 773, 'herbalism', 'trade_herbalism', 'Herborister&#237;a', 'Los herboristas recogen con gran cuidado las &#250;tiles y potentes hierbas que van encontrando por el mundo.');
INSERT INTO `wow_profession_related` VALUES (10, 755, 'mining', 'inv_pick_02', 'Miner&#237;a', 'Los mineros buscan valiosas y &#250;tiles menas y las extraen directamente de la tierra con sus picos.');
INSERT INTO `wow_profession_related` VALUES (11, 186, 'blacksmithing', 'trade_blacksmithing', 'Herrer&#237;a', 'Los herreros utilizan su pericia con el martillo y el yunque para crear armas mortales, pesados trajes de malla, armaduras de placas y m&#225;s objetos especializados.');
INSERT INTO `wow_profession_related` VALUES (12, 186, 'engineering', 'trade_engineering', 'Ingenier&#237;a', 'Los ingenieros aprovechan su creatividad para fabricar una inmensa (y a veces aleatoria) variedad de objetos &#250;tiles.');
INSERT INTO `wow_profession_related` VALUES (13, 186, 'jewelcrafting', 'inv_misc_gem_01', 'Joyer&#237;a', 'Los joyeros explotan los sorprendentes poderes de las piedras preciosas y crean poderosas joyas y abalorios.');
INSERT INTO `wow_profession_related` VALUES (14, 165, 'skinning', 'inv_misc_pelt_wolf_01', 'Desuello', 'Los desolladores suelen recoger los pellejos de los animales muertos y amasan pilas de piel y cuero para asegurarse de que no se desperdicia nada.');
INSERT INTO `wow_profession_related` VALUES (15, 185, 'fishing', 'trade_fishing', 'Pesca', 'Los pescadores se relajan y se alimentan recogiendo las riquezas de los lagos y mares de Azeroth.');
INSERT INTO `wow_profession_related` VALUES (16, 356, 'alchemy', 'trade_alchemy', 'Alquimia', 'Los alquimistas usan hierbas para crear brebajes extra&#241;os y m&#225;gicos que sanan, confieren poderes y producen efectos positivos como invisibilidad, resistencia elemental, restaurar man&#225; y muchos m&#225;s.');
INSERT INTO `wow_profession_related` VALUES (17, 356, 'cooking', 'inv_misc_food_15', 'Cocina', 'Los cocineros experimentan con recetas extra&#241;as y maravillosas recogidas en todos los rincones de Azeroth.');       